id,created_at,name,address,state,zipcode,user_id
1,2011-03-16 15:03:00+00,Harrison Jonson,6425 43rd St.,FL,50382,7
2,2011-09-14 05:00:00+00,Cortney Fontanilla,321 MLK Ave.,WA,43895,30
3,2011-09-11 05:54:00+00,Ruthie Vashon,2307 45th St.,GA,98937,18
4,2011-02-27 20:53:00+00,Isabel Wynn,7046 10th Ave.,NY,57243,11
5,2011-12-20 12:45:00+00,Shari Dutra,4046 8th Ave.,FL,61539,34
6,2011-12-10 13:29:00+00,Kristofer Galvez,2545 8th Ave.,WA,83868,39
7,2011-06-19 03:42:00+00,Maudie Medlen,2049 44th Ave.,FL,52107,8
8,2011-05-28 01:19:00+00,Isabel Crissman,1992 50th Ave.,VA,91062,50
9,2011-03-31 10:33:00+00,Nydia Moe,5847 50th Ave.,WY,86738,32
10,2011-01-27 04:58:00+00,Dee Heavner,8021 8th Ave.,TX,11065,23
11,2011-12-15 01:12:00+00,Kristofer Larimer,5574 43rd St.,NY,78804,45
12,2011-01-22 02:06:00+00,Rosemary Letellier,9888 California St.,CO,59199,25
13,2011-08-14 19:27:00+00,Becky Stukes,7470 Washington Ave.,CO,49527,33
14,2011-07-12 19:29:00+00,Berta Fruchter,3528 31st St.,GA,64386,5
15,2011-08-02 14:37:00+00,Adell Doyel,1549 50th Ave.,VA,73935,9
16,2011-03-24 10:04:00+00,Bradly Vasko,4388 45th St.,NY,84583,22
17,2011-09-18 08:55:00+00,Clemencia Durio,478 44th Ave.,TX,27038,27
18,2011-02-24 19:42:00+00,Kristle Pung,8394 8th Ave.,IL,67659,36
19,2011-04-19 17:51:00+00,Adell Mayon,1482 31st St.,TX,72775,28
20,2011-01-20 17:52:00+00,Carolann Yoshimura,9520 Washington Ave.,GA,20503,37
21,2011-07-07 14:41:00+00,Andres Schippers,9600 44th Ave.,CO,62899,8
22,2011-03-05 22:53:00+00,Divina Hamill,2103 50th Ave.,CO,73210,45
23,2011-12-22 13:39:00+00,Romaine Coderre,6990 Washington Ave.,VA,31853,39
24,2011-12-20 23:44:00+00,Kourtney Julian,8277 44th Ave.,VA,67133,37
25,2011-05-30 17:49:00+00,Danyel Styers,8464 8th Ave.,WA,56917,9
26,2011-12-24 02:29:00+00,Jame Petrin,410 44th Ave.,SC,94048,11
27,2011-02-28 15:00:00+00,Kimi Birdsell,2438 50th Ave.,CO,58337,17
28,2011-10-14 16:27:00+00,Jame Heavner,5307 43rd St.,TX,81439,34
29,2011-07-08 22:20:00+00,Cammy Mayon,8612 Washington Ave.,NY,79807,8
30,2011-05-24 08:03:00+00,Tommie Lanser,3673 10th Ave.,WY,50519,27
31,2011-03-30 21:44:00+00,Brandon Fruchter,8354 Washington Ave.,NY,50274,43
32,2011-01-12 16:26:00+00,Ricarda Pressey,6479 31st St.,TX,95407,48
33,2011-11-01 21:34:00+00,Shalon Fontanilla,7271 50th Ave.,IL,71634,25
34,2011-09-11 02:23:00+00,Edmund Pressnell,1644 31st St.,TX,63152,5
35,2011-01-14 11:25:00+00,Homer Gasper,6472 46th Ave.,IL,86204,18
36,2011-10-23 18:14:00+00,Brady Harshberger,1510 45th St.,VA,94138,37
37,2011-06-20 21:37:00+00,Clemencia Matheson,204 California St.,CO,59664,47
38,2011-04-07 06:52:00+00,Danyel Sisemore,5944 43rd St.,CO,62994,20
39,2011-01-31 15:27:00+00,Laurence Kump,3057 43rd St.,IL,95353,15
40,2011-11-01 22:01:00+00,Mitchell Pellegrin,7896 MLK Ave.,CO,55259,40
41,2011-02-18 06:06:00+00,Emely Kimball,9162 MLK Ave.,GA,10585,24
42,2011-10-29 19:36:00+00,Russ Petrin,6719 Washington Ave.,IL,75651,48
43,2011-07-04 02:28:00+00,Miyoko Allbright,6824 35th St.42nd Ave.,WA,77819,44
44,2011-03-15 08:42:00+00,Becky Wassink,4144 10th Ave.,WY,89509,49
45,2011-11-11 01:22:00+00,Harley Dement,3438 44th Ave.,GA,34758,42
46,2011-05-16 20:41:00+00,Mirta Alba,5171 10th Ave.,VA,67003,16
47,2011-09-01 01:01:00+00,Buford Yoshimura,7387 35th St.42nd Ave.,IL,84086,18
48,2011-05-29 18:37:00+00,Ruthie Tartaglia,2370 8th Ave.,TX,13848,50
49,2011-05-22 00:02:00+00,Colleen Mcqueeney,8125 50th Ave.,NY,51760,9
50,2011-10-11 22:53:00+00,Minerva Iriarte,9165 44th Ave.,IL,83449,27
51,2011-10-20 00:28:00+00,Beverlee Mcdougle,5912 44th Ave.,WY,72995,23
52,2011-10-08 05:19:00+00,Danyel Kipp,3085 31st St.,GA,44471,35
53,2011-06-09 02:58:00+00,Miyoko Emmerich,6214 MLK Ave.,SC,92365,15
54,2011-08-23 19:51:00+00,Colleen Connors,8948 46th Ave.,CO,16281,23
55,2011-01-02 21:54:00+00,Milda Rabb,2727 43rd St.,VA,12546,24
56,2011-08-25 23:55:00+00,Rivka Pressnell,2623 8th Ave.,WA,58091,10
57,2011-01-03 01:49:00+00,Letitia Sprau,2106 Washington Ave.,IL,76898,1
58,2011-08-31 07:41:00+00,Wendie Dilks,463 46th Ave.,NY,30838,41
59,2011-01-24 22:11:00+00,Williams Alber,9289 Washington Ave.,NY,20505,31
60,2011-12-17 12:59:00+00,Ricarda Nowakowski,3434 Washington Ave.,CO,53662,43
61,2011-08-23 14:28:00+00,Irma Currier,6494 Washington Ave.,NY,98527,2
62,2011-02-16 03:00:00+00,Salvatore Lightcap,7496 10th Ave.,SC,75435,6
63,2011-04-28 20:22:00+00,Sol Fruchter,7295 10th Ave.,VA,50135,13
64,2011-10-06 03:50:00+00,Nana Arends,6812 43rd St.,SC,48227,16
65,2011-07-06 17:51:00+00,Brandon Roth,7583 35th St.42nd Ave.,TX,17570,29
66,2011-09-04 10:32:00+00,Graig Sturgill,8547 45th St.,CO,67015,29
67,2011-12-29 12:45:00+00,Lawerence Roff,8555 31st St.,NY,60022,35
68,2011-04-29 20:05:00+00,Jenee Haefner,2232 43rd St.,FL,51498,20
69,2011-03-29 21:35:00+00,Karole Calico,6659 Washington Ave.,VA,58202,14
70,2011-04-07 10:43:00+00,Buddy Doyel,656 35th St.42nd Ave.,FL,89794,29
71,2011-07-26 14:06:00+00,Ozella Selden,4063 8th Ave.,GA,28335,37
72,2011-06-10 09:18:00+00,Mauro Allbright,9344 44th Ave.,IL,47037,7
73,2011-03-01 16:56:00+00,Salvatore Kimball,8181 10th Ave.,CO,11819,10
74,2011-10-31 10:51:00+00,Nana Suits,6844 45th St.,WY,45801,23
75,2011-12-25 03:13:00+00,Minerva Li,5546 31st St.,FL,37071,12
76,2011-01-24 14:13:00+00,Georgina Crissman,2534 35th St.42nd Ave.,SC,92320,26
77,2011-12-22 21:08:00+00,Tommie Ange,4651 31st St.,NY,43609,44
78,2011-04-21 07:52:00+00,Kymberly Ange,7780 44th Ave.,VA,17138,3
79,2011-05-18 04:38:00+00,Reed Larimer,4937 Washington Ave.,NY,53172,16
80,2011-08-27 20:03:00+00,Carmel Letellier,8915 Washington Ave.,FL,76107,16
81,2011-11-04 11:56:00+00,Colleen Seabaugh,6198 California St.,TX,25936,20
82,2011-11-26 16:47:00+00,Granville Blumer,7705 MLK Ave.,WY,21361,23
83,2011-01-28 23:07:00+00,Brady Durio,7813 45th St.,WA,15632,8
84,2011-11-22 20:47:00+00,Graciela Kiser,3266 California St.,NY,40432,13
85,2011-05-01 22:45:00+00,Angel Lesane,2318 MLK Ave.,FL,93225,15
86,2011-03-18 09:04:00+00,Shawanda Ange,5504 8th Ave.,WA,28528,26
87,2011-03-31 20:54:00+00,Samatha Dougal,7052 35th St.42nd Ave.,NY,36717,15
88,2011-08-18 00:43:00+00,Dee Luman,7214 10th Ave.,WY,35245,37
89,2011-08-04 04:14:00+00,Rolf Crenshaw,5857 43rd St.,TX,21037,7
90,2011-11-24 19:35:00+00,Irma Disney,2848 MLK Ave.,VA,73667,44
91,2011-11-13 21:18:00+00,Letitia Strayer,4441 35th St.42nd Ave.,SC,14491,8
92,2011-04-14 21:12:00+00,Angel Benedetto,4875 35th St.42nd Ave.,WA,30254,18
93,2011-06-12 18:43:00+00,Claud Vasko,7661 8th Ave.,WY,10935,32
94,2011-05-12 20:46:00+00,Berta Fretz,272 45th St.,FL,36777,48
95,2011-07-16 22:41:00+00,Johnathan Pressey,1162 44th Ave.,SC,46110,38
96,2011-02-12 19:30:00+00,Brady Mcclain,3235 Washington Ave.,IL,31913,23
97,2011-03-23 14:11:00+00,Theresia Lesane,2797 44th Ave.,GA,67585,23
98,2011-07-23 13:01:00+00,Lawerence Senko,1528 31st St.,NY,49526,49
99,2011-11-20 05:41:00+00,Rivka Scharf,7255 10th Ave.,TX,59794,36
100,2011-09-12 04:07:00+00,Rubie Wassink,4864 10th Ave.,CO,35894,12
101,2011-05-03 21:47:00+00,Mauro Kimball,465 50th Ave.,VA,31809,1
102,2011-04-23 02:08:00+00,Collin Julian,563 MLK Ave.,SC,21495,11
103,2011-04-29 06:00:00+00,Berta Slone,9457 46th Ave.,VA,66128,32
104,2011-02-21 18:36:00+00,Jame Bonacci,3015 8th Ave.,VA,75126,9
105,2011-08-02 05:57:00+00,Jenee Crays,3679 43rd St.,WY,93895,43
106,2011-12-08 21:31:00+00,Neoma Tripodi,3564 44th Ave.,IL,48258,29
107,2011-03-04 21:16:00+00,Tommie Schippers,5687 8th Ave.,FL,91160,12
108,2011-04-15 21:38:00+00,Shawanda Bodkin,2264 8th Ave.,WY,20206,5
109,2012-01-01 04:55:00+00,Alfonzo Haubrich,1955 43rd St.,TX,38201,2
110,2011-06-09 17:30:00+00,Daniele Selden,7032 MLK Ave.,SC,13960,35
111,2011-02-21 15:10:00+00,Edmund Hedgpeth,336 35th St.42nd Ave.,GA,46804,24
112,2011-02-11 22:50:00+00,Humberto Emmerich,4113 California St.,WA,63066,26
113,2011-02-08 16:11:00+00,Allen Bulfer,3615 50th Ave.,SC,34865,7
114,2011-03-12 18:54:00+00,Andres Styers,9216 31st St.,FL,16017,15
115,2011-09-04 15:56:00+00,Renda Larimer,292 35th St.42nd Ave.,WA,71516,45
116,2011-04-27 09:19:00+00,Lean Melendez,3476 Washington Ave.,WY,48887,13
117,2011-01-16 06:28:00+00,Andrew Nowakowski,7525 California St.,NY,24140,20
118,2011-03-08 12:46:00+00,Catina Kiser,5315 35th St.42nd Ave.,WA,84188,22
119,2011-08-25 17:44:00+00,Stasia Alber,6075 Washington Ave.,WY,99825,39
120,2011-04-10 23:34:00+00,Beverlee Jonson,1765 45th St.,WA,88408,4
121,2011-01-18 20:50:00+00,Williams Selden,3949 35th St.42nd Ave.,FL,12104,18
122,2011-11-11 05:43:00+00,Sherrill Canter,2230 Washington Ave.,FL,98547,15
123,2011-01-20 07:44:00+00,Evelyn Schauwecker,4512 50th Ave.,SC,37554,41
124,2011-03-02 19:30:00+00,Kourtney Brazell,5980 43rd St.,IL,10309,13
125,2011-06-17 09:42:00+00,Homer Kimball,364 43rd St.,CO,80565,27
126,2011-01-31 23:29:00+00,Jerald Dement,4257 31st St.,CO,97763,18
127,2011-03-12 11:25:00+00,Clemencia Canter,8637 45th St.,SC,25008,50
128,2011-03-27 11:10:00+00,Sherilyn Fruchter,2218 35th St.42nd Ave.,IL,16333,6
129,2011-11-25 02:10:00+00,Emmitt Nowakowski,7932 35th St.42nd Ave.,SC,72275,42
130,2011-04-20 16:25:00+00,Laurence Dilks,2006 8th Ave.,TX,37105,44
131,2011-08-19 18:18:00+00,Jami Parrilla,9366 MLK Ave.,NY,97171,16
132,2011-10-16 01:42:00+00,Nydia Uyehara,6769 45th St.,VA,10974,34
133,2011-11-02 03:49:00+00,Williams Schauwecker,778 35th St.42nd Ave.,NY,83694,7
134,2011-03-19 07:03:00+00,Fidelia Sarver,4372 46th Ave.,GA,41138,40
135,2011-11-05 03:35:00+00,Clay Mor,4616 35th St.42nd Ave.,CO,73038,26
136,2011-01-21 14:19:00+00,Humberto Junge,3825 8th Ave.,SC,38489,44
137,2011-10-05 00:03:00+00,Miyoko Scharf,450 Washington Ave.,TX,39551,42
138,2011-08-06 21:49:00+00,Williams Lesane,193 44th Ave.,SC,93229,7
139,2011-12-03 10:56:00+00,Alyse Sarver,7961 46th Ave.,GA,38307,29
140,2011-08-01 18:07:00+00,Jannette Scharf,6507 50th Ave.,CO,83265,50
141,2011-01-24 04:05:00+00,Graig Blatt,2872 43rd St.,NY,84064,13
142,2011-12-18 05:24:00+00,Shawana Alber,1057 8th Ave.,SC,70002,17
143,2012-01-01 10:15:00+00,Pauletta Verner,8926 44th Ave.,WY,22058,38
144,2011-05-19 21:22:00+00,Cherryl Chivers,4740 Washington Ave.,VA,70417,16
145,2011-06-24 02:18:00+00,Ricarda Rodda,6077 44th Ave.,NY,90025,41
146,2011-03-30 00:53:00+00,Sona Wanner,7849 43rd St.,WY,94347,31
147,2011-03-05 02:21:00+00,Jules Dossey,9487 43rd St.,NY,29504,41
148,2011-07-12 04:45:00+00,Danyelle Bonacci,6534 50th Ave.,TX,77998,28
149,2011-11-29 23:43:00+00,Antonio Greening,9498 MLK Ave.,FL,71212,32
150,2011-07-06 00:33:00+00,Una Coderre,7449 43rd St.,NY,41612,42
151,2011-11-11 08:11:00+00,Miyoko Lepore,4087 46th Ave.,IL,83719,12
152,2011-07-30 19:15:00+00,Harley Fontanilla,6872 44th Ave.,WA,40996,18
153,2011-02-27 14:06:00+00,Harley Kimball,3157 44th Ave.,CO,36878,39
154,2011-07-11 16:40:00+00,Cammy Halpin,3778 45th St.,CO,80611,42
155,2011-09-10 01:30:00+00,Buford Sandoval,7702 MLK Ave.,WY,80205,40
156,2011-07-23 17:02:00+00,Becky Bona,9814 45th St.,TX,50950,4
157,2011-02-07 05:40:00+00,Gaylene Coderre,5861 46th Ave.,FL,44627,6
158,2011-07-20 14:11:00+00,Andres Iriarte,3523 43rd St.,FL,97921,8
159,2011-12-29 16:30:00+00,Tommie Roff,6316 45th St.,TX,21937,43
160,2011-12-15 21:47:00+00,Keri Puett,4652 8th Ave.,CO,72241,39
161,2011-07-12 12:34:00+00,Jami Hersey,380 MLK Ave.,SC,43408,43
162,2011-10-25 00:40:00+00,Neoma Vashon,3697 MLK Ave.,NY,95244,38
163,2011-03-25 07:44:00+00,Hildred Crissman,5188 MLK Ave.,NY,42924,36
164,2011-10-10 04:11:00+00,Takako Greening,3215 35th St.42nd Ave.,GA,51779,20
165,2011-07-15 13:30:00+00,Cammy Heavner,5135 10th Ave.,FL,76311,1
166,2011-07-11 08:48:00+00,Jeffie Wichman,5369 46th Ave.,VA,44351,12
167,2011-05-13 20:42:00+00,Marshall Pressey,4163 46th Ave.,NY,81609,16
168,2011-01-22 10:03:00+00,Adell Fretz,2284 10th Ave.,WA,85429,1
169,2011-10-21 22:02:00+00,Salvatore Dorado,783 43rd St.,TX,65768,45
170,2011-04-17 03:45:00+00,Williams Lanphear,6766 California St.,WY,83367,45
171,2011-09-17 08:58:00+00,Charlotte Tripodi,4453 Washington Ave.,WA,68292,31
172,2011-05-30 03:43:00+00,Isreal Schuh,9758 MLK Ave.,NY,88586,30
173,2011-04-09 16:05:00+00,Rosemary Gilpatrick,5869 44th Ave.,GA,85059,47
174,2011-04-30 16:52:00+00,Amos Hendon,7292 31st St.,WA,47446,10
175,2011-08-13 06:37:00+00,Ivana Haubrich,5328 8th Ave.,GA,99526,40
176,2011-10-03 08:49:00+00,Hans Bough,7629 10th Ave.,NY,79631,50
177,2011-06-19 06:24:00+00,Lawerence Crays,8505 California St.,NY,83037,37
178,2011-07-04 09:00:00+00,Inocencia Purtee,8266 50th Ave.,IL,65461,10
179,2011-07-09 22:05:00+00,Kristofer Dutra,7623 MLK Ave.,VA,12933,15
180,2011-06-11 15:33:00+00,Tonette Alba,7128 50th Ave.,FL,80964,23
181,2011-09-19 21:49:00+00,Allen Harshberger,6495 Washington Ave.,VA,10553,12
182,2011-07-17 00:50:00+00,Hans Pinegar,9718 California St.,GA,76976,1
183,2011-04-15 00:58:00+00,Jean Dutra,9310 31st St.,WY,71693,48
184,2011-02-22 19:28:00+00,Layne Bueche,6069 45th St.,VA,78715,12
185,2011-06-07 17:18:00+00,Kristofer Morejon,8541 10th Ave.,CO,49772,3
186,2011-05-31 11:32:00+00,Granville Lanphear,3404 California St.,TX,67824,5
187,2011-01-27 19:46:00+00,Rolando Crowley,1922 44th Ave.,WY,70653,4
188,2011-04-04 15:55:00+00,Cortney Seabaugh,7047 43rd St.,GA,66768,13
189,2011-05-10 19:13:00+00,Amos Nowakowski,7426 California St.,SC,69075,25
190,2011-11-08 09:08:00+00,Buford Akey,8600 MLK Ave.,VA,46714,14
191,2011-06-15 23:38:00+00,Karole Pellegrin,9426 8th Ave.,WY,55003,47
192,2011-11-09 15:29:00+00,Humberto Cousineau,7249 50th Ave.,FL,13899,1
193,2011-10-05 04:44:00+00,Romaine Dutra,2765 35th St.42nd Ave.,WA,78179,30
194,2011-11-10 19:39:00+00,Buford Tarnowski,1488 MLK Ave.,GA,80085,37
195,2011-03-05 18:25:00+00,Glen Sprau,4063 45th St.,IL,92012,35
196,2011-04-04 19:09:00+00,Angel Durio,8163 44th Ave.,TX,69144,14
197,2011-02-28 15:20:00+00,Jill Upson,9989 45th St.,GA,89238,50
198,2011-12-07 16:50:00+00,Hildred Paramo,4598 46th Ave.,GA,92377,35
199,2011-01-20 23:02:00+00,Ngan Dement,3769 8th Ave.,TX,56709,33
200,2011-07-31 00:59:00+00,Inocencia Gasper,8295 45th St.,NY,43241,47
201,2011-04-09 21:24:00+00,Shelba Hedgpeth,391 35th St.42nd Ave.,IL,55856,34
202,2011-04-23 19:19:00+00,Danyelle Barsh,8545 50th Ave.,IL,72822,43
203,2011-02-21 12:47:00+00,Alessandra Lago,4157 43rd St.,NY,67276,8
204,2011-09-12 03:50:00+00,Sol Rabb,1067 8th Ave.,SC,70557,20
205,2011-01-19 17:05:00+00,Deetta Bodkin,3559 Washington Ave.,FL,46603,17
206,2011-05-23 12:10:00+00,Emely Dougal,4665 8th Ave.,SC,48734,2
207,2011-06-12 06:57:00+00,Donald Schuh,3582 MLK Ave.,FL,25953,6
208,2011-11-17 00:44:00+00,Sol Brazell,5365 35th St.42nd Ave.,GA,89865,19
209,2011-06-25 00:13:00+00,Lula Greening,2503 10th Ave.,WY,31416,50
210,2011-10-21 23:36:00+00,Pauletta Arends,868 8th Ave.,SC,86408,22
211,2011-11-20 22:25:00+00,Brady Crete,2608 46th Ave.,FL,59951,48
212,2011-05-27 16:55:00+00,Jettie Mcqueeney,8241 50th Ave.,NY,71938,25
213,2011-10-31 04:50:00+00,Miyoko Potter,6472 31st St.,WY,98880,22
214,2011-01-18 07:44:00+00,Ruthie Hedgpeth,8766 California St.,WA,81990,20
215,2011-01-11 03:18:00+00,Shera Matheson,1728 10th Ave.,NY,69912,34
216,2011-04-04 11:19:00+00,Eva Arent,9496 35th St.42nd Ave.,FL,80721,47
217,2011-08-22 18:29:00+00,Derek Parrilla,8921 California St.,WA,77671,35
218,2011-11-05 21:51:00+00,Takako Dutra,7671 8th Ave.,TX,11338,20
219,2011-01-24 22:22:00+00,Theresia Canter,3555 California St.,WY,78296,38
220,2011-11-30 17:21:00+00,Georgina Lessley,2767 43rd St.,GA,53380,7
221,2011-07-05 22:49:00+00,Takako Lanphear,5622 Washington Ave.,IL,38312,45
222,2011-10-21 02:09:00+00,Eva Bonacci,1996 50th Ave.,VA,39743,5
223,2011-05-06 15:20:00+00,Shanell Beasley,7440 43rd St.,NY,15979,3
224,2011-08-28 12:21:00+00,Thersa Struthers,6787 43rd St.,VA,92393,12
225,2011-07-04 02:48:00+00,Douglass Pung,7659 10th Ave.,SC,99460,49
226,2011-07-25 09:07:00+00,Daisey Roff,5485 45th St.,WA,89188,23
227,2011-02-12 09:01:00+00,Carmel Luman,2860 Washington Ave.,NY,36014,32
228,2011-09-05 04:26:00+00,Candie Junior,3559 MLK Ave.,VA,27403,31
229,2011-12-16 08:59:00+00,Raye Galvez,8062 10th Ave.,TX,50391,49
230,2011-01-16 02:41:00+00,Jules Galvez,7027 43rd St.,IL,40528,31
231,2011-12-01 01:21:00+00,Misty Kurth,1764 44th Ave.,FL,48707,43
232,2011-04-20 12:20:00+00,Kourtney Cousineau,9197 45th St.,VA,49029,45
233,2011-02-21 11:00:00+00,Williams Arent,4466 Washington Ave.,VA,27476,49
234,2011-12-10 05:16:00+00,Ruthie Mcqueeney,1127 California St.,WA,80245,27
235,2011-01-31 13:50:00+00,Quintin Delpriore,5449 44th Ave.,NY,53642,48
236,2011-09-07 23:50:00+00,Harley Rodda,2068 44th Ave.,WY,53076,25
237,2011-01-21 07:20:00+00,Marquis Stukes,8694 43rd St.,GA,45658,47
238,2011-03-24 23:47:00+00,Isabel Vasko,1875 Washington Ave.,FL,72185,31
239,2011-03-23 16:11:00+00,Leonard Roundtree,7016 43rd St.,NY,30645,14
240,2011-09-15 23:26:00+00,Allen Uyehara,8659 California St.,WA,84766,36
241,2012-01-01 04:22:00+00,Romaine Rodda,6819 46th Ave.,WA,28649,40
242,2011-04-04 12:20:00+00,Yuki Lago,6743 35th St.42nd Ave.,NY,15113,6
243,2011-08-20 17:07:00+00,Eve Uyehara,2245 MLK Ave.,VA,87083,46
244,2011-07-03 12:50:00+00,Jonell Morrissey,1562 46th Ave.,TX,66057,11
245,2011-04-22 07:25:00+00,Hans Vasko,2839 10th Ave.,IL,30974,30
246,2011-08-19 10:59:00+00,Ronnie Wassink,932 50th Ave.,NY,10028,41
247,2011-09-23 17:54:00+00,Wendie Hedgpeth,7691 45th St.,TX,20202,19
248,2011-08-24 23:53:00+00,Evelyn Fretz,2127 MLK Ave.,WA,20168,10
249,2011-11-28 07:18:00+00,Kristofer Uyehara,9260 MLK Ave.,TX,61050,37
250,2011-08-29 10:23:00+00,Thersa Sisemore,436 31st St.,GA,25895,35
251,2011-09-26 04:22:00+00,Evelyn Bough,8671 35th St.42nd Ave.,VA,53312,5
252,2011-04-23 01:26:00+00,Ivana Crenshaw,1249 43rd St.,FL,89546,21
253,2011-11-19 23:48:00+00,Mitchell Tartaglia,4395 MLK Ave.,VA,69439,43
254,2011-05-15 01:23:00+00,Yuki Roose,3980 45th St.,CO,81596,12
255,2011-11-29 03:02:00+00,Milda Milam,8539 46th Ave.,VA,91339,12
256,2011-10-27 04:11:00+00,Susanna Mcdougle,8392 8th Ave.,FL,29137,4
257,2011-02-05 05:29:00+00,Dovie Scharf,9841 43rd St.,IL,72609,5
258,2011-03-04 02:33:00+00,Amos Lesane,360 Washington Ave.,SC,48655,2
259,2011-01-30 01:07:00+00,Dee Birdsell,1985 Washington Ave.,SC,73249,44
260,2011-09-08 18:11:00+00,Ronnie Barsh,8679 31st St.,NY,88166,45
261,2011-03-25 17:25:00+00,Douglass Arends,4626 45th St.,TX,10709,42
262,2011-09-17 00:32:00+00,Letitia Lepore,7132 45th St.,CO,26686,15
263,2011-12-14 12:38:00+00,Camie Crenshaw,5239 8th Ave.,NY,64153,7
264,2011-02-13 23:01:00+00,Neoma Parrilla,9959 46th Ave.,NY,82911,31
265,2011-03-20 07:18:00+00,Rosemary Wanner,7647 31st St.,GA,39353,24
266,2011-07-01 16:19:00+00,Sherrill Junge,9089 46th Ave.,FL,67670,30
267,2011-06-02 03:30:00+00,Salvatore Dilks,7466 Washington Ave.,NY,82375,9
268,2011-11-30 14:55:00+00,Harley Crowley,1764 MLK Ave.,WA,34515,32
269,2011-12-12 11:17:00+00,Andrew Bough,9371 44th Ave.,GA,59570,1
270,2011-06-24 23:37:00+00,Emmitt Moe,2369 MLK Ave.,VA,97140,11
271,2011-06-15 14:47:00+00,Catina Drexler,1348 44th Ave.,CO,58919,17
272,2011-03-19 21:06:00+00,Johnathan Greenway,9229 46th Ave.,WY,40056,40
273,2011-07-09 03:51:00+00,Isreal Wassink,4695 MLK Ave.,NY,70269,5
274,2011-10-14 18:45:00+00,Candie Mcdougle,2202 35th St.42nd Ave.,VA,22747,31
275,2011-08-07 04:12:00+00,Sherilyn Tarnowski,9327 44th Ave.,NY,65717,46
276,2011-01-12 09:07:00+00,Isabel Calico,4597 44th Ave.,WY,25373,3
277,2011-05-21 23:05:00+00,Kristle Alba,8828 44th Ave.,FL,56914,41
278,2011-11-03 23:29:00+00,Fidelia Lanser,7587 31st St.,SC,41859,37
279,2011-03-30 23:42:00+00,Isabel Cocke,9830 MLK Ave.,WY,70034,28
280,2011-12-02 11:44:00+00,Susannah Sturgill,4634 MLK Ave.,TX,63536,12
281,2011-08-22 10:01:00+00,Eve Sosnowski,8559 50th Ave.,WY,99759,47
282,2011-04-25 19:13:00+00,Russ Roth,7908 31st St.,GA,55550,34
283,2011-03-17 05:44:00+00,Graciela Pung,2047 50th Ave.,SC,75110,5
284,2011-05-05 02:42:00+00,Georgina Matheson,5699 Washington Ave.,NY,70903,14
285,2011-09-04 01:49:00+00,Carmel Crowley,8549 35th St.42nd Ave.,VA,63651,39
286,2011-02-02 06:13:00+00,Danyelle Morrissey,4789 45th St.,NY,16337,37
287,2011-12-05 13:35:00+00,Glen Tarnowski,5002 44th Ave.,SC,22253,33
288,2011-10-30 01:22:00+00,Miyoko Slone,1556 45th St.,FL,63153,10
289,2011-10-16 17:55:00+00,Camie Matheson,5336 43rd St.,TX,94078,42
290,2011-10-14 17:47:00+00,Kelli Langenfeld,5654 MLK Ave.,NY,58294,45
291,2011-03-16 18:47:00+00,Donald Morejon,9083 Washington Ave.,WA,17893,5
292,2011-09-09 13:57:00+00,Jean Greenway,4423 44th Ave.,WY,46940,6
293,2011-10-05 03:59:00+00,Rubie Mccubbin,3031 50th Ave.,TX,41893,16
294,2011-05-31 10:14:00+00,Kourtney Yoshimura,1034 43rd St.,WY,71924,48
295,2011-11-17 16:02:00+00,Thersa Roundtree,1554 44th Ave.,IL,80252,3
296,2011-05-29 10:31:00+00,Thersa Larimer,2166 46th Ave.,VA,44952,1
297,2011-08-02 13:48:00+00,Emely Blatt,2628 43rd St.,VA,89807,39
298,2011-09-18 19:42:00+00,Lawerence Arent,3242 46th Ave.,WA,36892,42
299,2011-08-29 13:33:00+00,Nydia Petrin,2337 44th Ave.,GA,89430,13
300,2011-03-11 18:57:00+00,Dovie Harshberger,3071 46th Ave.,NY,97275,3
301,2011-09-09 15:59:00+00,Dalton Dilks,4728 45th St.,TX,36223,28
302,2011-04-18 21:53:00+00,Evelina Mccubbin,8786 10th Ave.,IL,31700,4
303,2011-09-14 02:37:00+00,Meg Haubrich,683 44th Ave.,CO,69805,2
304,2011-03-27 00:58:00+00,Nathanial Verner,1091 35th St.42nd Ave.,IL,44647,46
305,2011-08-14 09:51:00+00,Bradly Cocke,182 10th Ave.,NY,51705,17
306,2011-06-20 20:32:00+00,Brandon Petrin,5953 35th St.42nd Ave.,SC,38643,23
307,2011-11-07 06:10:00+00,Lawerence Nowakowski,5917 8th Ave.,SC,41250,3
308,2011-07-29 05:41:00+00,Sherice Pressnell,1560 MLK Ave.,GA,84924,10
309,2011-11-14 16:50:00+00,Emmitt Kimball,8045 8th Ave.,FL,48966,13
310,2011-05-01 08:31:00+00,Danae Wassink,927 35th St.42nd Ave.,IL,57971,7
311,2011-02-18 15:22:00+00,Amos Monteith,7116 35th St.42nd Ave.,CO,68363,11
312,2011-11-18 15:28:00+00,Dee Jeon,7275 35th St.42nd Ave.,WA,49468,39
313,2011-09-27 02:18:00+00,Leonard Rodda,3214 8th Ave.,CO,51575,19
314,2011-10-03 01:52:00+00,Rolando Rudy,7932 10th Ave.,GA,74545,18
315,2011-01-29 09:28:00+00,Gena Mcdougle,6438 43rd St.,CO,21928,25
316,2011-03-12 03:33:00+00,Theresia Mcdougle,2678 10th Ave.,VA,56608,32
317,2011-06-13 03:32:00+00,Cammy Galvez,5328 50th Ave.,GA,31104,5
318,2011-06-01 14:28:00+00,Angel Dorado,3724 43rd St.,WA,80153,2
319,2011-10-09 22:24:00+00,Antonio Pung,728 10th Ave.,SC,15225,9
320,2011-06-18 18:41:00+00,Quinton Hendon,5114 50th Ave.,SC,90564,40
321,2011-11-01 20:49:00+00,Shawana Selden,6200 45th St.,NY,67164,5
322,2011-03-03 13:29:00+00,Sherrill Roth,5049 46th Ave.,GA,90088,29
323,2011-12-03 11:40:00+00,Alfonzo Sevigny,2350 Washington Ave.,TX,55374,48
324,2011-07-09 12:36:00+00,Arianne Levron,3811 45th St.,IL,96626,1
325,2011-03-31 00:28:00+00,Inocencia Scharf,5327 MLK Ave.,GA,46450,42
326,2011-09-13 06:06:00+00,Granville Haefner,6079 50th Ave.,WA,89548,2
327,2011-07-16 17:03:00+00,Salvatore Junge,8648 10th Ave.,FL,15213,8
328,2011-07-03 07:45:00+00,Milda Caba,3216 Washington Ave.,GA,61402,26
329,2011-03-11 15:05:00+00,Karole Bough,9462 Washington Ave.,GA,71938,35
330,2011-07-10 04:18:00+00,Camie Julian,2085 43rd St.,CO,26637,16
331,2011-09-22 13:40:00+00,Harley Garrels,6905 California St.,WY,28389,48
332,2011-05-23 12:51:00+00,Arianne Tarnowski,7175 Washington Ave.,SC,69261,11
333,2011-02-20 23:21:00+00,Kelli Julian,4456 44th Ave.,SC,62035,39
334,2011-11-01 00:56:00+00,Jame Bulfer,8976 Washington Ave.,GA,12615,2
335,2011-04-24 14:20:00+00,Jonell Redd,3634 Washington Ave.,CO,13986,31
336,2011-07-19 22:45:00+00,Carolann Arent,6122 43rd St.,FL,45492,4
337,2011-12-10 05:15:00+00,Angel Birdsell,2072 Washington Ave.,SC,27814,35
338,2011-02-26 10:11:00+00,Milda Canter,1205 45th St.,NY,63489,9
339,2011-10-26 00:57:00+00,Mohammad Peet,5158 50th Ave.,IL,62026,13
340,2011-03-08 04:09:00+00,Mikki Stimac,8415 35th St.42nd Ave.,IL,10765,23
341,2011-08-23 07:32:00+00,Beverlee Crissman,8073 8th Ave.,GA,40300,28
342,2011-11-19 15:16:00+00,Danyelle Brazell,4038 43rd St.,TX,56121,38
343,2011-05-16 19:51:00+00,Mauro Rudy,4053 35th St.42nd Ave.,SC,55631,3
344,2011-04-12 08:11:00+00,Gaye Suits,6483 10th Ave.,TX,61034,26
345,2011-03-19 23:15:00+00,Kourtney Damore,4515 43rd St.,TX,33042,13
346,2011-08-26 23:36:00+00,Shawanda Rooney,6089 46th Ave.,CO,35106,35
347,2011-07-25 07:38:00+00,Gena Roundtree,7623 46th Ave.,TX,84205,38
348,2011-02-23 07:33:00+00,Alfonzo Jay,3490 8th Ave.,SC,83590,8
349,2011-12-09 05:27:00+00,Stasia Mercedes,704 Washington Ave.,TX,52960,23
350,2011-05-05 01:36:00+00,Candie Bueche,5170 31st St.,WY,35781,8
351,2011-09-12 07:59:00+00,Dalton Melendez,868 8th Ave.,CO,56410,43
352,2011-03-23 01:57:00+00,Berta Garrels,2028 35th St.42nd Ave.,GA,48286,21
353,2011-12-17 04:53:00+00,Harrison Crenshaw,1318 46th Ave.,TX,50005,2
354,2011-01-17 12:40:00+00,Clemencia Rudy,9875 California St.,CO,18280,36
355,2011-05-23 07:34:00+00,Wynona Suits,1712 46th Ave.,SC,28416,31
356,2011-07-18 15:53:00+00,Jettie Dilks,3267 8th Ave.,VA,19637,22
357,2011-12-10 18:03:00+00,Stasia Dement,4782 10th Ave.,IL,22100,13
358,2011-08-10 21:51:00+00,Von Larimer,3112 31st St.,TX,32000,46
359,2011-04-19 21:16:00+00,Pauletta Luman,5904 45th St.,WY,11065,46
360,2011-01-14 20:45:00+00,Humberto Haubrich,410 35th St.42nd Ave.,TX,15328,25
361,2011-12-23 23:09:00+00,Vivian Blumer,1641 44th Ave.,TX,19159,45
362,2011-06-30 23:41:00+00,Susanna Wassink,4887 10th Ave.,SC,22559,39
363,2011-08-14 14:29:00+00,Earlean Calico,1670 Washington Ave.,FL,22778,17
364,2011-03-14 23:21:00+00,Kristofer Redd,7015 46th Ave.,IL,12432,18
365,2011-05-25 17:21:00+00,Inocencia Cousineau,3518 50th Ave.,CO,52550,18
366,2011-03-07 11:01:00+00,Raye Kurth,799 MLK Ave.,WY,31918,46
367,2011-11-25 04:43:00+00,Gudrun Dougal,4043 8th Ave.,WY,96969,36
368,2011-10-04 02:29:00+00,Renda Luman,5310 50th Ave.,TX,52241,14
369,2011-08-27 17:14:00+00,Misty Bonacci,4701 46th Ave.,IL,73567,26
370,2011-10-29 01:09:00+00,Hiedi Slone,8483 35th St.42nd Ave.,SC,73176,42
371,2011-08-18 11:56:00+00,Victor Disney,2843 45th St.,VA,18586,6
372,2011-04-22 10:28:00+00,Cammy Bough,8593 8th Ave.,VA,12915,18
373,2011-10-24 03:31:00+00,Ozella Lichtenstein,4999 MLK Ave.,SC,20615,15
374,2011-12-22 02:02:00+00,Dewayne Lichtenstein,7552 45th St.,GA,53373,22
375,2011-05-14 04:51:00+00,Missy Haubrich,8909 43rd St.,IL,71877,6
376,2011-10-21 15:38:00+00,Douglass Upson,5512 35th St.42nd Ave.,SC,45361,35
377,2011-07-10 15:21:00+00,Divina Blatt,5801 10th Ave.,VA,55037,49
378,2011-04-25 04:52:00+00,Yuki Sandoval,4549 46th Ave.,NY,17928,49
379,2011-02-08 19:01:00+00,Vincenzo Galvez,387 50th Ave.,VA,52571,36
380,2011-04-14 19:25:00+00,Misty Selden,3937 35th St.42nd Ave.,IL,62446,24
381,2011-11-17 19:01:00+00,Nydia Dougal,7535 California St.,NY,62882,33
382,2011-09-23 07:11:00+00,Divina Mcqueeney,3209 31st St.,VA,32958,49
383,2011-06-08 17:04:00+00,Russ Matheson,1290 35th St.42nd Ave.,CO,58795,4
384,2011-08-13 04:56:00+00,Nathanial Cousineau,2539 35th St.42nd Ave.,CO,38110,38
385,2011-08-11 08:22:00+00,Gaye Akey,9714 50th Ave.,WY,65718,3
386,2011-07-26 19:17:00+00,Colleen Larimer,5503 46th Ave.,TX,49564,2
387,2011-08-06 19:55:00+00,Daisey Hamill,7312 Washington Ave.,FL,65600,36
388,2011-08-06 14:09:00+00,Harley Sarver,7141 45th St.,CO,27028,49
389,2011-06-21 20:58:00+00,Alessandra Mayon,6681 Washington Ave.,TX,51730,15
390,2011-01-11 08:16:00+00,Theresia Mor,4790 California St.,IL,68142,1
391,2011-06-18 19:24:00+00,Dewayne Edwin,967 50th Ave.,TX,24030,20
392,2011-02-15 17:01:00+00,Raye Durio,6613 50th Ave.,FL,44612,4
393,2011-05-23 12:36:00+00,Danny Wanner,1955 MLK Ave.,WA,83602,17
394,2011-01-09 16:56:00+00,Graig Halpin,2263 50th Ave.,IL,62079,3
395,2011-08-11 19:52:00+00,Gena Lanser,5301 50th Ave.,IL,51771,41
396,2011-08-10 05:45:00+00,Alfonzo Crays,2089 Washington Ave.,FL,48359,34
397,2011-10-31 23:03:00+00,Jami Paramo,1667 35th St.42nd Ave.,WY,38035,46
398,2011-11-15 09:47:00+00,Granville Nowakowski,9922 8th Ave.,FL,57464,3
399,2011-09-23 14:10:00+00,Amos Roundtree,6897 MLK Ave.,SC,16332,3
400,2011-04-11 18:43:00+00,Von Scharf,4570 California St.,GA,40138,46
401,2011-04-29 02:35:00+00,Berta Vashon,5476 43rd St.,NY,47322,2
402,2011-03-30 00:16:00+00,Miyoko Scharf,519 44th Ave.,TX,84403,6
403,2011-08-18 00:25:00+00,Minerva Kipp,4822 8th Ave.,WA,68983,5
404,2011-12-28 06:56:00+00,Conchita Parrilla,120 44th Ave.,TX,42409,20
405,2011-10-12 00:35:00+00,Alessandra Monteith,4466 50th Ave.,SC,86074,12
406,2011-04-15 01:02:00+00,Chadwick Mcclain,7537 31st St.,WA,10288,34
407,2011-04-25 14:10:00+00,Angel Letellier,567 California St.,NY,36325,26
408,2011-04-13 05:48:00+00,Buford Pinegar,592 44th Ave.,VA,20333,27
409,2011-12-27 10:51:00+00,Raye Paramo,2512 50th Ave.,GA,24379,36
410,2011-06-15 14:39:00+00,Isreal Patnode,5091 California St.,IL,41997,8
411,2011-01-17 09:25:00+00,Kelli Verner,3037 50th Ave.,FL,29556,11
412,2011-03-13 19:24:00+00,Kelli Greenway,5021 10th Ave.,WA,50509,3
413,2011-04-14 21:53:00+00,Chadwick Hersey,3620 43rd St.,WA,94240,14
414,2011-12-03 23:37:00+00,Graig Wichman,6254 31st St.,FL,87381,36
415,2011-12-11 21:14:00+00,Andra Lightcap,1044 50th Ave.,WA,22450,49
416,2011-10-16 13:14:00+00,Jettie Schauwecker,4549 Washington Ave.,FL,62444,48
417,2011-05-20 10:46:00+00,Shawana Damore,246 45th St.,SC,79746,44
418,2011-01-15 23:08:00+00,Jannette Mccubbin,207 10th Ave.,CO,60286,1
419,2011-12-14 03:22:00+00,Vincenzo Kubala,6780 46th Ave.,IL,86115,16
420,2011-12-06 06:17:00+00,Brady Julian,7299 California St.,FL,12322,6
421,2011-10-05 05:35:00+00,Von Bulfer,3224 50th Ave.,CO,13913,14
422,2011-04-09 21:31:00+00,Bradly Lanphear,7009 31st St.,VA,48596,49
423,2011-12-20 17:34:00+00,Jeremiah Disney,2201 31st St.,SC,16109,6
424,2011-07-01 16:48:00+00,Glen Roles,8995 35th St.42nd Ave.,WY,60714,39
425,2011-12-04 13:06:00+00,Conchita Sevigny,875 46th Ave.,VA,96493,30
426,2011-11-26 00:25:00+00,Earlean Beasley,2720 45th St.,SC,69013,46
427,2011-07-02 06:22:00+00,Kristle Lanphear,2651 Washington Ave.,FL,77570,46
428,2011-02-22 10:44:00+00,Gudrun Akey,8483 California St.,WY,37623,17
429,2011-12-14 13:46:00+00,Kimi Cousineau,8045 44th Ave.,TX,13711,38
430,2011-07-04 19:31:00+00,Granville Kipp,4038 46th Ave.,VA,49917,24
431,2011-12-11 05:05:00+00,Leonard Roles,5226 31st St.,WY,55309,36
432,2011-01-21 16:57:00+00,Letitia Lago,5583 California St.,TX,68493,27
433,2011-05-15 08:01:00+00,Mauro Morrissey,5457 46th Ave.,TX,57451,5
434,2011-12-10 20:31:00+00,Nathanial Sarver,3705 50th Ave.,IL,52560,45
435,2011-02-05 19:37:00+00,Humberto Blatt,2162 31st St.,WA,85094,23
436,2011-12-31 04:31:00+00,Kali Alber,772 44th Ave.,FL,18333,45
437,2011-02-03 03:03:00+00,Victor Kubala,2805 44th Ave.,CO,28807,39
438,2011-03-01 01:20:00+00,Lean Parrilla,3675 44th Ave.,IL,75020,24
439,2011-04-26 09:27:00+00,Tonette Schippers,9369 Washington Ave.,FL,83815,19
440,2011-11-18 14:20:00+00,Johnathon Julian,7620 10th Ave.,SC,76615,29
441,2011-04-01 04:19:00+00,Mauro Birdsell,6002 43rd St.,FL,91013,16
442,2011-06-03 11:42:00+00,Shalon Stukes,3092 31st St.,CO,35884,49
443,2011-08-23 22:35:00+00,Hans Wichman,2187 California St.,IL,10897,29
444,2011-07-30 01:51:00+00,Shera Edwin,1334 31st St.,WA,66328,47
445,2011-01-06 10:19:00+00,Mitchell Dutra,6518 MLK Ave.,WY,87834,28
446,2011-09-04 10:01:00+00,Ricarda Cocke,8098 California St.,WA,37091,42
447,2011-06-23 01:40:00+00,Brandon Mcclain,7768 44th Ave.,NY,45318,34
448,2011-10-30 23:40:00+00,Kimi Lessley,9569 46th Ave.,IL,58300,8
449,2011-04-20 03:06:00+00,Bradly Garrels,3394 10th Ave.,TX,50712,14
450,2011-03-19 01:34:00+00,Missy Galvez,2773 MLK Ave.,NY,47075,29
451,2011-08-26 17:03:00+00,Kelli Pung,5262 45th St.,VA,67524,37
452,2011-06-14 05:53:00+00,Kristle Schippers,6857 31st St.,FL,92180,43
453,2011-01-11 01:46:00+00,Reed Arends,4083 10th Ave.,WY,26225,33
454,2011-10-11 05:27:00+00,Lawerence Hendon,9665 46th Ave.,WA,30170,22
455,2011-02-23 02:17:00+00,Keri Doyel,1028 44th Ave.,VA,81690,6
456,2011-01-06 06:16:00+00,Angel Coderre,735 45th St.,GA,69845,29
457,2011-03-23 23:38:00+00,Cortney Hamill,3674 44th Ave.,WY,99335,21
458,2011-11-26 12:09:00+00,Yuki Crissman,2311 Washington Ave.,TX,33434,19
459,2011-12-14 07:28:00+00,Eva Hamill,9749 Washington Ave.,NY,33603,48
460,2011-04-13 06:48:00+00,Russ Mcdougle,6113 31st St.,FL,98243,3
461,2011-01-20 15:39:00+00,Lawerence Peet,4138 44th Ave.,FL,18527,24
462,2011-09-14 21:31:00+00,Salvatore Purtee,9437 44th Ave.,TX,10412,5
463,2011-02-08 23:51:00+00,Danyelle Greenway,7337 45th St.,CO,84602,29
464,2011-12-06 22:12:00+00,Bo Slone,8852 43rd St.,TX,68335,6
465,2011-08-19 18:58:00+00,Letitia Bough,9341 California St.,IL,43968,28
466,2011-03-19 22:10:00+00,Sherice Benedetto,2670 Washington Ave.,VA,45721,16
467,2011-11-17 18:36:00+00,Kali Chivers,935 8th Ave.,WA,57368,27
468,2011-11-07 09:05:00+00,Antonio Gravel,4309 8th Ave.,SC,95345,1
469,2011-02-21 16:25:00+00,Andra Benedetto,5668 31st St.,VA,74675,13
470,2011-11-19 15:45:00+00,Kali Mercedes,7806 8th Ave.,GA,74555,26
471,2011-05-20 08:14:00+00,Glen Dorado,6548 Washington Ave.,NY,81455,24
472,2011-08-02 01:01:00+00,Donald Mercedes,2814 MLK Ave.,CO,55580,14
473,2011-08-31 16:25:00+00,Danny Benedetto,6282 44th Ave.,NY,20116,19
474,2011-10-28 15:28:00+00,Brady Parrilla,7564 45th St.,NY,23470,35
475,2011-06-09 10:01:00+00,Evelina Pressey,7201 10th Ave.,NY,86831,8
476,2011-12-31 05:06:00+00,Brandon Struthers,7044 MLK Ave.,GA,40799,12
477,2011-11-05 20:25:00+00,Antonio Kiser,7501 44th Ave.,WA,12647,14
478,2011-05-06 03:28:00+00,Kimi Fretz,3122 44th Ave.,VA,22818,38
479,2011-02-28 03:55:00+00,Sherilyn Styers,4307 43rd St.,SC,12739,20
480,2011-11-13 04:53:00+00,Danae Westmoreland,1132 10th Ave.,CO,45880,37
481,2011-05-17 14:12:00+00,Laronda Stimac,9991 35th St.42nd Ave.,GA,19121,45
482,2011-01-17 00:39:00+00,Tonette Dutra,6060 Washington Ave.,TX,47021,4
483,2011-03-13 23:25:00+00,Carolann Fruchter,3972 10th Ave.,WY,56225,2
484,2011-04-20 03:20:00+00,Danyelle Haefner,8999 8th Ave.,CO,65078,18
485,2011-05-18 00:08:00+00,Charlotte Knouse,9728 Washington Ave.,GA,76659,37
486,2011-01-13 11:33:00+00,Raye Slone,3566 31st St.,TX,63406,22
487,2011-02-05 12:58:00+00,Susannah Pressey,1906 10th Ave.,WY,13494,45
488,2011-02-17 23:43:00+00,Danyel Sandoval,3009 31st St.,FL,56150,30
489,2011-06-20 21:30:00+00,Kelli Bodkin,3573 46th Ave.,WY,15913,17
490,2011-11-29 20:52:00+00,Andres Schippers,5892 8th Ave.,CO,60768,47
491,2011-06-09 17:21:00+00,Russ Matheson,7805 35th St.42nd Ave.,VA,70928,7
492,2011-07-29 13:52:00+00,Letitia Uyehara,5266 California St.,GA,90583,43
493,2011-04-17 06:34:00+00,Romaine Lepore,260 50th Ave.,FL,36675,15
494,2011-05-22 20:33:00+00,Becky Hendon,9473 45th St.,NY,60622,8
495,2011-04-21 06:42:00+00,Michelina Dilks,2754 44th Ave.,WA,46955,21
496,2011-04-15 21:08:00+00,Jeffie Pinegar,807 California St.,TX,28845,44
497,2011-09-20 08:10:00+00,Emmitt Vashon,5082 Washington Ave.,TX,38229,12
498,2011-05-08 23:54:00+00,Theresia Mayon,7110 50th Ave.,NY,62141,38
499,2011-07-12 21:46:00+00,Sol Puett,2339 California St.,GA,30816,17
500,2011-08-01 23:08:00+00,Ricarda Goldsberry,4167 MLK Ave.,VA,22244,18
501,2011-04-05 15:17:00+00,Andrew Buonocore,6174 MLK Ave.,GA,82477,34
502,2011-10-17 18:54:00+00,Amos Maxson,7355 MLK Ave.,GA,14627,12
503,2011-12-05 18:16:00+00,Brady Fretz,2397 35th St.42nd Ave.,IL,29747,10
504,2011-01-11 08:55:00+00,Shera Suits,164 31st St.,NY,75364,3
505,2011-07-16 21:01:00+00,Rosemary Jay,1385 8th Ave.,NY,12171,14
506,2011-07-07 21:04:00+00,Alyse Bonacci,2268 35th St.42nd Ave.,NY,94114,14
507,2011-02-14 07:19:00+00,Chadwick Sarver,8590 45th St.,SC,98708,24
508,2011-04-09 09:53:00+00,Takako Schauwecker,7146 Washington Ave.,IL,31229,4
509,2011-01-21 16:26:00+00,Neoma Halpin,215 MLK Ave.,TX,85602,48
510,2011-07-30 18:13:00+00,Carolann Kipp,4126 31st St.,VA,14400,12
511,2011-02-25 22:32:00+00,Inocencia Heavner,7401 50th Ave.,FL,38349,9
512,2011-04-22 13:38:00+00,Lawerence Westmoreland,8499 45th St.,FL,88067,1
513,2011-11-30 07:29:00+00,Daniele Rodda,2013 8th Ave.,GA,72276,17
514,2011-06-06 08:04:00+00,Wendie Westmoreland,5949 Washington Ave.,VA,53222,22
515,2011-02-22 18:57:00+00,Evelyn Lago,7378 MLK Ave.,NY,92781,44
516,2011-11-11 15:23:00+00,Jannette Styers,2105 35th St.42nd Ave.,WA,61423,43
517,2011-04-24 21:19:00+00,Cherryl Arends,7325 MLK Ave.,WY,59068,18
518,2011-10-24 22:09:00+00,Kourtney Uyehara,9588 46th Ave.,IL,61203,17
519,2011-05-07 04:18:00+00,Letitia Fruchter,8677 35th St.42nd Ave.,GA,47375,26
520,2011-04-14 23:30:00+00,Milda Schrack,2243 46th Ave.,NY,39947,34
521,2011-06-26 18:14:00+00,Sherrill Potter,7188 Washington Ave.,WA,93036,43
522,2011-06-07 10:08:00+00,Becky Roff,9103 46th Ave.,CO,14001,36
523,2011-08-09 01:38:00+00,Wan Rodda,4202 8th Ave.,FL,52789,49
524,2011-04-07 19:02:00+00,Williams Wassink,6340 California St.,IL,78223,4
525,2011-01-14 03:10:00+00,Shari Mcdougle,6125 Washington Ave.,WA,54701,2
526,2011-10-16 08:49:00+00,Ruthie Dutra,5653 35th St.42nd Ave.,VA,93309,14
527,2011-01-23 09:34:00+00,Divina Sarver,2301 California St.,WA,87006,19
528,2011-09-20 09:27:00+00,Mikki Goldsberry,7885 44th Ave.,TX,79727,50
529,2011-01-09 10:33:00+00,Zita Parrilla,1989 44th Ave.,GA,64047,44
530,2011-12-26 19:50:00+00,Graig Knouse,5446 8th Ave.,CO,47028,24
531,2011-02-23 18:20:00+00,Clemencia Dossey,6590 Washington Ave.,SC,43538,15
532,2011-06-13 14:31:00+00,Wan Fruchter,9529 California St.,TX,44640,19
533,2011-06-26 08:35:00+00,Rosalinda Birdsell,6160 44th Ave.,CO,42687,48
534,2011-08-18 14:18:00+00,Ivana Henkel,7482 46th Ave.,FL,19857,48
535,2011-08-22 12:53:00+00,Susanna Melendez,7318 44th Ave.,CO,74193,18
536,2011-09-26 07:36:00+00,Wynona Jay,5131 35th St.42nd Ave.,IL,43267,36
537,2011-01-21 07:27:00+00,Ricarda Stimac,4154 45th St.,FL,52976,3
538,2011-09-08 07:25:00+00,Granville Scharf,7039 31st St.,CO,66585,12
539,2011-08-30 05:01:00+00,Shanell Fontanilla,7837 Washington Ave.,WY,20096,2
540,2011-03-23 07:22:00+00,Quintin Hintzen,3440 Washington Ave.,CO,37297,50
541,2011-03-26 23:59:00+00,Keri Puett,5282 45th St.,TX,24948,2
542,2011-01-13 02:41:00+00,Williams Paramo,5245 50th Ave.,NY,14158,48
543,2011-06-13 21:43:00+00,Michelina Schauwecker,8567 35th St.42nd Ave.,VA,76883,3
544,2011-08-16 21:56:00+00,Gudrun Redd,8423 31st St.,TX,99867,21
545,2011-10-28 14:02:00+00,Earlean Disney,6840 44th Ave.,WA,99652,41
546,2011-09-22 14:42:00+00,Brandon Morejon,8972 10th Ave.,FL,24682,2
547,2011-08-24 17:27:00+00,Karole Rooney,6159 44th Ave.,WY,81140,38
548,2011-11-30 08:14:00+00,Misty Moe,4753 MLK Ave.,WA,32611,27
549,2011-09-12 15:47:00+00,Kimi Schippers,9366 44th Ave.,TX,24339,6
550,2011-05-03 21:44:00+00,Ricarda Langenfeld,1706 31st St.,FL,42167,3
551,2011-12-08 17:50:00+00,Dalton Razor,6687 44th Ave.,FL,65336,8
552,2011-12-28 14:44:00+00,Clay Ange,445 50th Ave.,WA,90622,25
553,2011-05-17 06:44:00+00,Von Monteith,3049 31st St.,WA,52877,29
554,2011-08-27 09:29:00+00,Lean Drexler,3306 10th Ave.,VA,55418,21
555,2011-01-21 21:40:00+00,Adell Rodda,9751 10th Ave.,GA,55079,24
556,2011-05-17 17:58:00+00,Una Doyel,5495 31st St.,WA,90382,2
557,2011-06-30 20:24:00+00,Shalon Chaffee,5599 50th Ave.,TX,19051,43
558,2011-09-20 19:56:00+00,Kali Harshberger,9699 44th Ave.,WA,23895,23
559,2011-07-29 20:16:00+00,Kristle Stimac,2085 MLK Ave.,NY,75676,31
560,2011-10-31 11:30:00+00,Shera Struthers,477 35th St.42nd Ave.,VA,51580,30
561,2011-12-01 18:13:00+00,Gudrun Pressnell,7126 35th St.42nd Ave.,GA,65729,34
562,2011-06-30 17:50:00+00,Leonard Ladwig,463 10th Ave.,VA,68129,27
563,2011-07-05 22:38:00+00,Eva Mayon,354 50th Ave.,VA,16343,30
564,2011-12-22 09:46:00+00,Conchita Nowakowski,851 10th Ave.,CO,53797,28
565,2011-04-01 11:04:00+00,Wynona Damore,4264 California St.,WA,71715,47
566,2011-10-27 08:58:00+00,Lula Janzen,519 California St.,NY,58016,5
567,2011-08-02 09:08:00+00,Hildred Lanser,2499 Washington Ave.,WA,81754,37
568,2011-08-16 12:17:00+00,Ricarda Patnode,2814 44th Ave.,TX,24958,30
569,2011-11-15 11:36:00+00,Granville Junge,9909 45th St.,NY,78868,18
570,2011-08-28 21:41:00+00,Layne Roundtree,4390 California St.,WA,58199,26
571,2011-10-07 22:30:00+00,Jeremiah Gravel,9707 MLK Ave.,TX,69851,27
572,2011-10-22 10:47:00+00,Jame Kroenke,2180 8th Ave.,VA,80019,17
573,2011-01-31 00:30:00+00,Shalon Buonocore,9475 10th Ave.,WY,68267,13
574,2011-08-27 22:32:00+00,Jettie Edwin,6859 44th Ave.,FL,49084,19
575,2011-07-08 00:58:00+00,Collin Tripodi,2206 California St.,SC,15274,45
576,2011-04-23 05:27:00+00,Keri Sevigny,5228 California St.,WA,27499,33
577,2011-05-06 19:00:00+00,Gaye Lanser,9768 50th Ave.,NY,14249,23
578,2011-03-18 13:47:00+00,Sona Alber,7952 43rd St.,WA,34769,12
579,2011-11-25 22:18:00+00,Kimi Disney,3200 Washington Ave.,WA,33001,23
580,2011-07-27 09:30:00+00,Jame Greening,8331 31st St.,SC,85422,24
581,2011-04-20 15:34:00+00,Gena Pung,309 43rd St.,TX,52596,24
582,2011-09-06 02:14:00+00,Harrison Bonacci,3403 35th St.42nd Ave.,FL,79666,10
583,2011-12-19 17:21:00+00,Karole Cocke,8856 8th Ave.,IL,47974,8
584,2011-04-28 16:31:00+00,Theresia Emmerich,6188 45th St.,WA,20948,48
585,2011-09-13 09:25:00+00,Vivian Calico,2496 45th St.,TX,80365,36
586,2011-04-11 23:21:00+00,Vivian Roose,3698 46th Ave.,VA,30727,26
587,2011-01-17 09:28:00+00,Mohammad Chivers,6744 46th Ave.,VA,31865,4
588,2011-04-03 04:46:00+00,Williams Selden,8161 10th Ave.,GA,20815,44
589,2011-09-30 22:08:00+00,Evelyn Mccubbin,9743 44th Ave.,SC,13690,3
590,2011-03-01 08:32:00+00,Vincenzo Lanphear,1161 31st St.,IL,38974,41
591,2011-09-22 05:01:00+00,Alfonzo Stukes,6156 35th St.42nd Ave.,IL,64038,10
592,2011-06-09 05:10:00+00,Layne Haefner,7731 8th Ave.,SC,81379,17
593,2011-03-25 09:43:00+00,Jill Schuh,3103 45th St.,GA,39564,28
594,2011-01-14 11:52:00+00,Yuki Medlen,4059 45th St.,FL,26849,10
595,2011-06-23 01:33:00+00,Camie Fontanilla,6309 31st St.,IL,64405,20
596,2011-11-03 21:56:00+00,Tommie Vasko,3210 31st St.,FL,35026,21
597,2011-07-09 14:46:00+00,Jerald Schuh,7098 MLK Ave.,SC,90236,18
598,2011-05-14 08:33:00+00,Takako Nowakowski,911 31st St.,VA,63630,11
599,2011-10-24 08:44:00+00,Kali Janzen,6393 46th Ave.,SC,93441,19
600,2011-12-01 22:44:00+00,Rivka Caba,8935 50th Ave.,TX,26608,11
601,2011-12-07 08:58:00+00,Angel Sevigny,9967 10th Ave.,FL,77831,47
602,2011-08-01 05:06:00+00,Shanell Henkel,2863 California St.,TX,26317,45
603,2011-10-17 07:35:00+00,Isreal Vashon,415 35th St.42nd Ave.,VA,64550,5
604,2011-12-24 20:09:00+00,Shelba Verner,6570 10th Ave.,WY,51198,30
605,2011-07-11 11:27:00+00,Wynona Ridgley,4197 31st St.,VA,74671,39
606,2011-08-14 15:22:00+00,Cortney Damore,5431 43rd St.,IL,52967,30
607,2011-01-29 09:56:00+00,Neoma Pung,2013 43rd St.,IL,98416,4
608,2011-08-22 13:26:00+00,Hans Milam,4633 43rd St.,GA,39245,44
609,2011-10-30 05:49:00+00,Shera Dilks,2452 8th Ave.,SC,59905,46
610,2012-01-01 03:33:00+00,Andra Roundtree,649 Washington Ave.,CO,76230,21
611,2011-03-19 13:17:00+00,Amos Hintzen,9724 31st St.,SC,39009,45
612,2011-04-04 04:39:00+00,Letitia Levron,5590 50th Ave.,SC,18459,41
613,2011-01-22 03:00:00+00,Rolando Bona,8471 10th Ave.,WY,90622,46
614,2011-12-18 17:20:00+00,Edmund Crowley,5461 California St.,GA,27639,12
615,2011-07-25 02:03:00+00,Mirta Puett,695 43rd St.,CO,21128,22
616,2011-06-28 05:28:00+00,Allen Jay,5850 MLK Ave.,WY,81016,3
617,2011-09-29 08:13:00+00,Graig Hintzen,3460 46th Ave.,SC,97544,40
618,2011-10-13 12:39:00+00,Arianne Lessley,1753 45th St.,IL,62683,49
619,2011-05-25 15:16:00+00,Berta Petrin,1075 MLK Ave.,WY,87817,8
620,2011-08-20 19:32:00+00,Arianne Pellegrin,8882 35th St.42nd Ave.,SC,17670,13
621,2011-04-06 21:44:00+00,Harley Bough,7091 MLK Ave.,IL,11502,7
622,2011-09-25 22:00:00+00,Misty Sisemore,9331 MLK Ave.,WY,70914,27
623,2011-06-28 10:15:00+00,Jeremiah Goldsberry,8565 43rd St.,TX,27240,4
624,2011-02-02 11:17:00+00,Rolf Morejon,4975 10th Ave.,VA,35356,33
625,2011-09-26 12:00:00+00,Alfonzo Brazell,1169 California St.,GA,99392,48
626,2011-01-19 17:46:00+00,Eva Dilks,9253 MLK Ave.,IL,42192,31
627,2011-12-27 08:28:00+00,Sherrill Westmoreland,342 31st St.,FL,84077,47
628,2011-10-13 02:50:00+00,Brady Pressey,9092 35th St.42nd Ave.,VA,57270,33
629,2011-05-29 19:33:00+00,Rosalinda Tartaglia,4706 50th Ave.,FL,19686,41
630,2011-09-15 04:57:00+00,Dee Sisemore,2998 45th St.,IL,73590,17
631,2011-09-09 16:53:00+00,Jami Crete,374 8th Ave.,VA,21683,45
632,2011-09-25 19:43:00+00,Cortney Breeding,8266 California St.,TX,23203,13
633,2011-11-07 03:28:00+00,Susanna Lichtenstein,6346 MLK Ave.,NY,64663,25
634,2011-05-25 10:15:00+00,Layne Julian,8485 44th Ave.,TX,98479,18
635,2011-01-04 07:10:00+00,Rosemary Hersey,8855 44th Ave.,CO,78367,43
636,2011-07-06 03:52:00+00,Mirta Milam,1017 Washington Ave.,FL,70700,12
637,2011-02-20 19:25:00+00,Isabel Cocke,8324 10th Ave.,GA,67138,1
638,2011-04-07 19:27:00+00,Ngan Tarnowski,9455 43rd St.,NY,36763,4
639,2011-08-17 22:11:00+00,Ronnie Sosnowski,3554 8th Ave.,VA,12607,6
640,2011-07-02 22:08:00+00,Jame Edwin,4091 45th St.,FL,36373,19
641,2011-04-08 13:44:00+00,Jenee Kipp,8008 50th Ave.,FL,36774,15
642,2011-06-02 08:43:00+00,Evelyn Fretz,5077 10th Ave.,NY,37230,24
643,2011-04-06 01:46:00+00,Irma Allbright,8235 8th Ave.,IL,68781,38
644,2011-11-22 20:29:00+00,Mauro Bergeron,3445 50th Ave.,FL,94308,15
645,2011-09-07 11:07:00+00,Rolf Bonacci,7298 50th Ave.,GA,12058,4
646,2011-07-08 03:20:00+00,Jean Parrilla,350 50th Ave.,IL,97409,39
647,2011-02-12 07:26:00+00,Dalton Dossey,7734 50th Ave.,FL,35868,50
648,2011-11-16 06:50:00+00,Gaylene Julian,7135 45th St.,VA,65762,6
649,2011-02-13 22:27:00+00,Jean Rabb,634 45th St.,CO,88040,41
650,2011-01-12 11:15:00+00,Eva Crenshaw,2236 Washington Ave.,GA,49182,31
651,2011-06-17 00:55:00+00,Fidelia Dossey,2842 43rd St.,WY,75789,5
652,2011-04-13 12:03:00+00,Claud Roles,1817 44th Ave.,WY,91120,35
653,2011-11-30 15:48:00+00,Buddy Pinegar,7045 44th Ave.,VA,78545,9
654,2011-01-11 07:04:00+00,Vivian Scharf,8119 50th Ave.,FL,41144,12
655,2011-03-08 21:27:00+00,Shera Wassink,3933 Washington Ave.,VA,13903,30
656,2011-10-02 23:36:00+00,Victor Delpriore,1657 Washington Ave.,WA,33690,43
657,2011-12-24 09:49:00+00,Lula Roth,3366 44th Ave.,NY,95881,5
658,2011-02-17 00:01:00+00,Shawana Calico,3980 MLK Ave.,IL,35066,39
659,2011-07-25 05:34:00+00,Sona Junior,4526 50th Ave.,VA,78994,9
660,2011-08-17 22:44:00+00,Danae Canter,163 31st St.,NY,42624,19
661,2011-12-27 07:33:00+00,Vincenzo Hamill,971 44th Ave.,WY,97404,10
662,2011-08-10 03:43:00+00,Sherice Redd,628 8th Ave.,VA,11093,27
663,2011-09-24 18:22:00+00,Jean Yoshimura,7374 46th Ave.,FL,41415,44
664,2011-11-25 07:53:00+00,Zita Lichtenstein,5305 Washington Ave.,VA,19175,31
665,2011-01-18 11:52:00+00,Berta Galvez,1004 Washington Ave.,SC,38343,47
666,2011-06-03 22:01:00+00,Lean Larimer,602 45th St.,NY,27108,13
667,2011-07-11 01:03:00+00,Ruthie Potter,1032 50th Ave.,VA,28510,48
668,2011-06-05 21:06:00+00,Sherilyn Lessley,2565 46th Ave.,IL,34437,40
669,2011-02-15 11:48:00+00,Laronda Bueche,1016 35th St.42nd Ave.,SC,75860,34
670,2011-04-20 16:17:00+00,Andrew Bergeron,8979 43rd St.,NY,51464,13
671,2011-06-13 14:19:00+00,Emmitt Westmoreland,1312 35th St.42nd Ave.,NY,15141,11
672,2011-02-07 11:37:00+00,Hiedi Jasik,7608 Washington Ave.,TX,58493,3
673,2011-04-21 13:45:00+00,Chadwick Crete,8122 46th Ave.,WY,51272,11
674,2011-12-20 07:10:00+00,Daisey Currier,2077 California St.,GA,61899,50
675,2011-11-21 13:35:00+00,Von Ladwig,6761 10th Ave.,GA,59789,22
676,2011-10-31 15:10:00+00,Thersa Kubala,5547 44th Ave.,VA,65225,35
677,2011-04-12 19:43:00+00,Yuki Lago,4434 45th St.,WY,75697,36
678,2011-02-27 03:39:00+00,Bo Razor,770 35th St.42nd Ave.,WY,21075,2
679,2011-07-29 10:21:00+00,Alfonzo Kump,112 50th Ave.,NY,80875,29
680,2011-06-17 16:37:00+00,Susannah Pellegrin,726 50th Ave.,GA,94111,38
681,2011-04-15 13:57:00+00,Rubie Harshberger,4483 46th Ave.,IL,57046,2
682,2011-02-07 00:12:00+00,Hildred Blumer,7864 MLK Ave.,GA,95684,37
683,2011-02-13 23:15:00+00,Gena Petrin,9601 45th St.,VA,61548,1
684,2011-05-30 13:04:00+00,Raye Mcdougle,8294 31st St.,SC,22563,41
685,2011-11-05 20:53:00+00,Mitchell Knouse,1576 8th Ave.,CO,68187,41
686,2011-04-19 22:23:00+00,Salvatore Lepore,7533 44th Ave.,NY,19693,17
687,2011-11-28 10:11:00+00,Amos Petrin,3096 MLK Ave.,FL,98958,23
688,2011-04-08 13:26:00+00,Mauro Currier,5812 10th Ave.,GA,65897,32
689,2011-09-15 14:14:00+00,Victor Rabb,5027 10th Ave.,WA,37897,9
690,2011-11-18 04:29:00+00,Shelba Morrissey,7086 8th Ave.,TX,99845,12
691,2011-09-28 01:35:00+00,Rolando Durio,6791 31st St.,WY,12528,16
692,2011-02-15 10:25:00+00,Hiedi Mor,8525 46th Ave.,VA,78731,38
693,2011-01-04 13:25:00+00,Evelina Benedetto,9838 31st St.,CO,10656,38
694,2011-11-20 13:18:00+00,Brady Durio,5860 31st St.,NY,70905,16
695,2011-06-11 21:24:00+00,Salvatore Vasko,7813 43rd St.,FL,44121,27
696,2011-12-15 15:19:00+00,Homer Melendez,7638 Washington Ave.,FL,44915,20
697,2011-04-25 20:32:00+00,Brandon Moe,5863 45th St.,FL,77550,40
698,2011-04-04 08:04:00+00,Rolf Crowley,1261 44th Ave.,FL,40895,21
699,2011-11-14 00:05:00+00,Graig Dorado,4269 50th Ave.,WA,84891,29
700,2011-07-07 16:30:00+00,Candie Milam,5312 45th St.,WA,45860,9
701,2011-06-12 18:57:00+00,Conchita Fruchter,6950 46th Ave.,GA,43588,41
702,2011-09-29 08:59:00+00,Homer Wichman,9037 Washington Ave.,NY,53648,33
703,2011-11-26 19:58:00+00,Gaylene Sandoval,5621 35th St.42nd Ave.,SC,83540,34
704,2011-09-22 04:07:00+00,Bradly Knittel,8323 45th St.,TX,83118,24
705,2011-12-23 18:47:00+00,Lula Lesane,7086 31st St.,GA,33013,9
706,2011-11-29 09:10:00+00,Chadwick Crays,8161 46th Ave.,FL,33577,41
707,2011-05-31 20:31:00+00,Fidelia Calico,810 10th Ave.,SC,42491,10
708,2011-10-03 13:36:00+00,Johnathan Puett,3381 44th Ave.,FL,94915,12
709,2011-01-24 14:32:00+00,Inocencia Slone,9026 50th Ave.,GA,86739,4
710,2011-07-30 23:35:00+00,Romaine Letellier,3431 35th St.42nd Ave.,FL,89591,5
711,2011-08-16 00:40:00+00,Alyse Rodda,6318 50th Ave.,GA,79072,45
712,2011-12-29 14:36:00+00,Mikki Dilks,4663 California St.,NY,61822,9
713,2011-03-16 17:05:00+00,Keri Cocke,5472 8th Ave.,WY,83881,29
714,2011-04-12 00:30:00+00,Russ Jonson,2631 44th Ave.,WA,17053,39
715,2011-11-28 20:10:00+00,Shera Suits,6896 10th Ave.,CO,17323,32
716,2011-04-12 08:45:00+00,Buddy Hamill,2941 50th Ave.,CO,27032,15
717,2011-01-14 22:08:00+00,Harley Janzen,2243 10th Ave.,VA,11100,5
718,2011-02-10 19:35:00+00,Russ Durio,2351 50th Ave.,NY,36018,1
719,2011-10-18 09:40:00+00,Jill Sturgill,7313 10th Ave.,TX,84557,10
720,2011-08-25 23:29:00+00,Cortney Gilpatrick,6611 43rd St.,TX,65964,28
721,2011-03-02 09:38:00+00,Bud Rabb,6157 45th St.,NY,76060,8
722,2011-02-27 05:52:00+00,Vivian Larimer,3249 43rd St.,CO,82344,22
723,2011-10-12 18:20:00+00,Laurence Mcclain,2874 10th Ave.,GA,24347,11
724,2011-07-29 16:08:00+00,Danyelle Chaffee,3027 43rd St.,VA,72325,14
725,2011-05-28 13:50:00+00,Claud Damore,5861 31st St.,WY,99199,40
726,2011-03-05 21:17:00+00,Clay Lanser,6872 MLK Ave.,FL,72805,30
727,2011-02-17 14:19:00+00,Kristofer Hamill,9462 10th Ave.,FL,94130,33
728,2011-09-14 09:41:00+00,Samatha Fretz,8550 MLK Ave.,FL,46242,42
729,2011-08-13 21:44:00+00,Kourtney Medlen,9620 44th Ave.,WA,90377,43
730,2011-07-04 18:15:00+00,Una Milam,1156 10th Ave.,FL,92056,45
731,2011-08-05 18:04:00+00,Shari Pressnell,280 California St.,GA,74364,17
732,2011-02-14 18:44:00+00,Susanna Mercedes,9633 8th Ave.,NY,16708,35
733,2011-03-02 12:29:00+00,Edison Struthers,6914 44th Ave.,SC,79250,40
734,2011-10-03 04:09:00+00,Beverlee Crenshaw,3326 10th Ave.,NY,14913,5
735,2011-06-28 21:16:00+00,Kimi Mayon,9179 45th St.,TX,65654,20
736,2011-07-28 21:15:00+00,Samatha Mccubbin,2653 46th Ave.,IL,23318,41
737,2011-07-24 13:50:00+00,Yuki Garrels,8176 MLK Ave.,FL,19550,2
738,2011-07-07 18:23:00+00,Rivka Crete,1490 50th Ave.,TX,62560,49
739,2011-10-13 11:01:00+00,Ivana Breeding,9535 California St.,TX,69871,12
740,2011-09-20 19:31:00+00,Camie Stukes,8526 44th Ave.,CO,61659,25
741,2011-07-07 15:47:00+00,Eva Bukowski,5478 31st St.,WA,42854,21
742,2011-07-17 00:40:00+00,Jerald Langenfeld,1129 50th Ave.,WY,97711,50
743,2011-08-17 21:51:00+00,Danyelle Goldsberry,2250 44th Ave.,TX,45854,25
744,2011-02-04 16:45:00+00,Shawana Heavner,564 MLK Ave.,SC,24621,6
745,2011-01-23 20:44:00+00,Shari Barsh,9053 44th Ave.,NY,97390,8
746,2011-04-25 15:05:00+00,Derek Kroenke,7459 MLK Ave.,IL,44222,37
747,2011-09-15 16:38:00+00,Homer Mcqueeney,7011 44th Ave.,NY,66983,13
748,2011-10-23 03:27:00+00,Clay Doyel,6202 MLK Ave.,VA,80739,47
749,2011-01-25 02:43:00+00,Keri Sisemore,9830 43rd St.,SC,88253,2
750,2011-10-28 23:10:00+00,Bennie Tripodi,2521 50th Ave.,CO,71097,32
751,2011-10-13 23:09:00+00,Ngan Fontanilla,4227 45th St.,IL,99652,30
752,2011-03-24 15:05:00+00,Brandon Currier,9106 44th Ave.,GA,35161,50
753,2011-06-05 14:46:00+00,Gaylene Blumer,8295 50th Ave.,NY,85339,12
754,2011-05-04 22:06:00+00,Reed Pinegar,6212 44th Ave.,NY,67140,50
755,2011-10-19 06:34:00+00,Hiedi Gasper,7115 46th Ave.,FL,90508,46
756,2011-05-10 05:50:00+00,Thersa Hintzen,6847 44th Ave.,WA,83177,32
757,2011-01-04 23:41:00+00,Johnathon Doyel,4706 46th Ave.,VA,14114,41
758,2011-02-07 04:37:00+00,Theresia Yoshimura,6548 31st St.,WA,15364,29
759,2011-03-12 10:47:00+00,Kourtney Dorado,5852 Washington Ave.,TX,83413,1
760,2011-05-08 18:36:00+00,Candie Crete,4325 MLK Ave.,FL,65102,35
761,2011-02-07 20:01:00+00,Isabel Canter,5544 California St.,WY,27052,23
762,2011-03-29 23:35:00+00,Cherryl Kiser,5057 31st St.,IL,41689,33
763,2011-01-20 15:09:00+00,Trudie Haubrich,1502 50th Ave.,IL,39473,41
764,2011-02-19 20:55:00+00,Von Haefner,5337 44th Ave.,WY,14237,18
765,2011-03-12 03:42:00+00,Adell Emmerich,9431 Washington Ave.,CO,39044,40
766,2011-05-21 03:01:00+00,Hildred Currier,4301 44th Ave.,TX,54256,32
767,2011-05-22 16:33:00+00,Misty Chaffee,8261 California St.,NY,19416,13
768,2011-11-03 21:27:00+00,Cortney Kipp,6494 Washington Ave.,GA,75901,6
769,2011-05-26 20:47:00+00,Edmund Breeding,599 50th Ave.,CO,55808,22
770,2011-08-16 22:19:00+00,Edison Gasper,5214 8th Ave.,FL,62778,7
771,2011-02-24 22:50:00+00,Gaylene Cocke,1133 Washington Ave.,TX,45852,31
772,2011-05-17 00:07:00+00,Brady Birdsell,4929 31st St.,FL,78883,8
773,2011-06-16 18:42:00+00,Harley Mercedes,5649 Washington Ave.,VA,41306,47
774,2011-12-20 17:17:00+00,Earlean Bough,5548 35th St.42nd Ave.,IL,61383,32
775,2011-08-13 15:24:00+00,Missy Upson,9368 46th Ave.,VA,19115,24
776,2011-09-05 04:25:00+00,Susannah Mccubbin,8300 46th Ave.,SC,14675,8
777,2011-07-27 23:29:00+00,Chadwick Yoshimura,8446 31st St.,WA,92529,5
778,2011-01-27 23:32:00+00,Lawerence Benedetto,9887 8th Ave.,VA,60714,17
779,2011-02-23 01:12:00+00,Vincenzo Wassink,8531 35th St.42nd Ave.,SC,26315,12
780,2011-08-25 23:26:00+00,Maudie Alber,9553 46th Ave.,TX,87869,19
781,2011-11-23 09:15:00+00,Emely Medlen,5180 8th Ave.,CO,82727,19
782,2011-05-11 15:28:00+00,Rosemary Upson,5990 50th Ave.,VA,68820,19
783,2011-11-09 21:00:00+00,Brady Purtee,2214 MLK Ave.,NY,45803,31
784,2011-12-20 04:31:00+00,Quinton Stimac,723 46th Ave.,SC,61619,49
785,2011-07-04 01:27:00+00,Evelina Pellegrin,816 8th Ave.,SC,19170,47
786,2011-09-05 17:56:00+00,Berta Strayer,1132 California St.,NY,49114,39
787,2011-03-06 05:56:00+00,Granville Halpin,1789 44th Ave.,IL,56266,14
788,2011-04-17 20:29:00+00,Jannette Rodda,683 California St.,NY,53871,12
789,2011-08-16 04:29:00+00,Shera Harshberger,3499 43rd St.,GA,87671,30
790,2011-12-31 00:13:00+00,Missy Jay,113 35th St.42nd Ave.,SC,40341,3
791,2011-07-21 12:56:00+00,Meg Letellier,404 MLK Ave.,GA,58262,33
792,2011-01-07 05:36:00+00,Brandon Mayon,148 10th Ave.,GA,57222,6
793,2011-02-20 07:52:00+00,Danyelle Schrack,3233 46th Ave.,FL,60943,42
794,2011-09-07 19:58:00+00,Humberto Julian,6410 50th Ave.,FL,19255,42
795,2011-09-13 13:21:00+00,Dee Calico,8696 MLK Ave.,TX,94219,45
796,2011-10-21 20:48:00+00,Ivana Durio,7872 10th Ave.,FL,66404,1
797,2011-08-09 17:14:00+00,Williams Schauwecker,2496 8th Ave.,NY,98010,40
798,2011-07-15 20:57:00+00,Johnathan Kubala,179 10th Ave.,NY,28644,48
799,2011-06-25 04:57:00+00,Johnathan Letellier,9349 Washington Ave.,IL,25793,14
800,2011-07-19 20:47:00+00,Leonard Wichman,3327 8th Ave.,FL,15004,5
801,2011-03-05 21:16:00+00,Evelina Paramo,9077 35th St.42nd Ave.,VA,95151,41
802,2011-07-25 21:15:00+00,Mirta Hendon,6852 50th Ave.,VA,90958,27
803,2011-06-05 08:40:00+00,Homer Gravel,8660 31st St.,GA,71832,5
804,2011-12-03 10:42:00+00,Edison Damore,8602 50th Ave.,CO,77828,32
805,2011-05-23 22:41:00+00,Jill Bergeron,3194 31st St.,VA,33584,6
806,2011-02-14 23:23:00+00,Mauro Lesane,4020 45th St.,WY,65847,9
807,2011-03-22 20:33:00+00,Rosalinda Bodkin,2784 8th Ave.,VA,64881,19
808,2011-07-02 07:30:00+00,Trudie Upson,9280 10th Ave.,WY,63649,27
809,2011-03-01 05:36:00+00,Trudie Seabaugh,1209 California St.,WA,61669,23
810,2011-12-30 15:58:00+00,Rosalinda Crenshaw,3068 44th Ave.,FL,38012,41
811,2011-05-30 21:35:00+00,Angel Purtee,8249 43rd St.,SC,15034,6
812,2011-10-21 09:07:00+00,Colleen Arends,7049 43rd St.,VA,57149,45
813,2011-11-27 20:40:00+00,Irma Mcqueeney,5009 8th Ave.,WA,23364,46
814,2011-07-18 03:58:00+00,Takako Letellier,1258 45th St.,WA,18369,24
815,2011-03-08 01:45:00+00,Thersa Arent,6887 46th Ave.,FL,71692,31
816,2011-01-04 00:59:00+00,Kristofer Haubrich,9162 California St.,TX,44703,14
817,2011-11-10 19:36:00+00,Collin Tarnowski,1605 44th Ave.,IL,62863,36
818,2011-04-02 14:46:00+00,Emely Dougal,5196 31st St.,SC,76566,41
819,2011-05-29 09:59:00+00,Victor Garrels,4784 44th Ave.,FL,13148,6
820,2011-01-25 15:45:00+00,Reed Milam,3287 31st St.,WA,21196,9
821,2011-04-04 22:50:00+00,Lean Damore,7678 43rd St.,FL,69383,30
822,2011-08-13 18:39:00+00,Gena Rodda,9641 California St.,WA,67532,45
823,2011-06-11 16:07:00+00,Daniele Yoshimura,8529 Washington Ave.,VA,10190,15
824,2011-02-24 12:31:00+00,Charlotte Langenfeld,2982 50th Ave.,GA,27631,23
825,2011-01-12 21:10:00+00,Isabel Wanner,2689 Washington Ave.,FL,29667,3
826,2011-11-28 15:25:00+00,Shalon Barsh,1421 44th Ave.,NY,67957,29
827,2011-05-17 05:47:00+00,Romaine Luman,471 MLK Ave.,VA,43507,49
828,2011-03-15 23:54:00+00,Mikki Roles,2006 46th Ave.,CO,84091,4
829,2011-06-17 14:13:00+00,Buddy Levron,9966 8th Ave.,WA,97122,50
830,2011-10-06 12:55:00+00,Irma Lepore,1161 8th Ave.,CO,45216,45
831,2011-07-08 14:42:00+00,Jean Junge,3780 California St.,VA,63977,11
832,2011-09-30 02:25:00+00,Amos Benedetto,7117 46th Ave.,NY,19650,11
833,2011-10-21 03:45:00+00,Susannah Sandoval,2358 50th Ave.,GA,83886,25
834,2011-11-24 21:13:00+00,Emely Suits,1753 44th Ave.,FL,55350,35
835,2011-03-08 09:56:00+00,Renda Struthers,6454 35th St.42nd Ave.,TX,60927,28
836,2011-04-19 14:25:00+00,Irma Crowley,7351 8th Ave.,WA,30127,50
837,2011-02-16 20:44:00+00,Danyelle Haubrich,4744 46th Ave.,WA,10575,2
838,2011-02-26 01:17:00+00,Layne Fontanilla,5241 46th Ave.,WA,34689,30
839,2011-07-23 06:13:00+00,Danyelle Ridgley,8176 10th Ave.,FL,23810,27
840,2011-07-20 05:41:00+00,Miyoko Durio,5636 43rd St.,FL,16828,3
841,2011-06-10 01:02:00+00,Fidelia Rodda,6238 43rd St.,VA,15995,23
842,2011-10-22 07:26:00+00,Cammy Letellier,1154 50th Ave.,GA,97282,40
843,2011-04-23 02:30:00+00,Vincenzo Allbright,5199 California St.,WA,21335,33
844,2011-12-12 10:25:00+00,Isabel Tripodi,3282 Washington Ave.,SC,67699,44
845,2011-08-14 07:04:00+00,Kristofer Blumer,5866 44th Ave.,VA,51094,18
846,2011-01-30 06:08:00+00,Andrew Iriarte,7752 Washington Ave.,TX,24191,47
847,2011-03-13 16:24:00+00,Ronnie Garrels,5357 43rd St.,FL,26667,29
848,2011-10-03 22:18:00+00,Sherice Gilpatrick,6817 46th Ave.,VA,66763,6
849,2011-02-28 02:37:00+00,Buddy Kurth,1435 46th Ave.,SC,41569,45
850,2011-11-21 02:19:00+00,Isreal Crowley,8404 44th Ave.,FL,46926,17
851,2011-07-06 16:25:00+00,Antonio Hersey,8246 California St.,GA,41833,43
852,2011-05-05 23:59:00+00,Samatha Tarnowski,9856 43rd St.,VA,46578,14
853,2011-09-22 08:25:00+00,Sherilyn Blatt,7553 31st St.,WA,26399,26
854,2011-04-12 09:22:00+00,Leonard Heavner,1827 35th St.42nd Ave.,SC,24658,19
855,2011-07-18 02:28:00+00,Mauro Akey,1486 MLK Ave.,SC,47688,13
856,2011-02-02 06:21:00+00,Eleanor Blumer,2144 MLK Ave.,CO,31592,2
857,2011-02-09 03:12:00+00,Quinton Mccubbin,4237 31st St.,WY,16224,40
858,2011-01-27 22:37:00+00,Jonell Doyel,5205 10th Ave.,WY,94203,38
859,2011-02-15 10:24:00+00,Stacia Chivers,7134 California St.,VA,97225,45
860,2011-05-24 00:46:00+00,Nydia Calico,6790 43rd St.,WA,28021,47
861,2011-04-04 00:29:00+00,Layne Matheson,2349 35th St.42nd Ave.,WY,33387,45
862,2011-10-21 09:46:00+00,Lean Puett,6735 45th St.,GA,17320,31
863,2011-10-21 10:15:00+00,Una Dossey,1989 10th Ave.,CO,91601,37
864,2011-01-07 14:38:00+00,Jenee Upson,4659 43rd St.,WY,56224,36
865,2011-02-17 12:22:00+00,Andres Hersey,2372 MLK Ave.,WY,57097,47
866,2011-03-11 20:38:00+00,Rosalinda Mayon,8287 Washington Ave.,VA,39844,42
867,2011-02-12 15:23:00+00,Ngan Jeon,7658 35th St.42nd Ave.,WA,86422,31
868,2011-06-20 22:16:00+00,Amos Haefner,2715 8th Ave.,CO,53325,38
869,2011-04-06 22:42:00+00,Kimi Drexler,6887 46th Ave.,VA,64698,41
870,2011-02-11 04:39:00+00,Johnathan Knittel,4270 45th St.,WA,46938,40
871,2011-02-25 20:32:00+00,Andrew Roundtree,1588 8th Ave.,WY,11974,13
872,2011-01-26 14:41:00+00,Quinton Kimball,6956 8th Ave.,TX,22652,6
873,2011-03-08 18:37:00+00,Quinton Harshberger,2738 35th St.42nd Ave.,IL,12470,45
874,2011-10-11 18:06:00+00,Kristle Cousineau,955 8th Ave.,IL,48133,40
875,2011-06-13 13:49:00+00,Rivka Medlen,3812 31st St.,CO,47410,5
876,2011-12-27 16:01:00+00,Dee Lanphear,6038 46th Ave.,WY,89359,49
877,2011-05-21 08:54:00+00,Harrison Bonacci,6419 44th Ave.,NY,31030,35
878,2011-02-01 00:14:00+00,Collin Slone,9662 10th Ave.,CO,96886,16
879,2011-11-08 02:00:00+00,Jame Dilks,8873 31st St.,SC,96607,16
880,2011-07-07 22:12:00+00,Rubie Hendon,2139 MLK Ave.,WA,62250,2
881,2011-11-29 17:43:00+00,Antonio Alba,1461 45th St.,CO,92726,49
882,2011-12-18 02:16:00+00,Bud Medlen,3437 MLK Ave.,SC,56583,15
883,2011-03-26 07:31:00+00,Allen Chivers,1889 46th Ave.,WY,83083,47
884,2011-03-05 08:43:00+00,Daisey Li,4439 31st St.,CO,90653,46
885,2011-11-10 03:38:00+00,Georgina Barsh,6389 45th St.,CO,25105,7
886,2011-03-05 07:08:00+00,Hiedi Pressnell,7388 Washington Ave.,IL,28147,10
887,2011-11-19 09:24:00+00,Irma Wanner,9741 California St.,NY,16950,19
888,2011-06-04 16:13:00+00,Yuki Lanser,5651 46th Ave.,SC,39354,19
889,2011-06-01 20:57:00+00,Karole Buonocore,1368 MLK Ave.,IL,98178,6
890,2011-01-23 19:11:00+00,Jami Mayon,1430 Washington Ave.,TX,66513,33
891,2011-02-08 03:07:00+00,Jerald Nowakowski,2443 Washington Ave.,IL,32925,21
892,2011-10-23 09:50:00+00,Hildred Pinegar,5080 43rd St.,GA,84577,7
893,2011-04-21 10:12:00+00,Danyelle Schuh,6071 MLK Ave.,FL,86612,6
894,2011-11-17 15:40:00+00,Isabel Hedgpeth,7833 10th Ave.,WA,14737,37
895,2011-10-27 09:05:00+00,Susanna Birdsell,2383 8th Ave.,CO,69247,37
896,2011-11-26 10:23:00+00,Vincenzo Lepore,7297 MLK Ave.,IL,34989,8
897,2011-09-27 18:40:00+00,Homer Connors,3663 California St.,WA,19964,8
898,2011-04-10 10:34:00+00,Berta Birdsell,9304 46th Ave.,TX,22410,42
899,2011-11-12 03:40:00+00,Glen Morrissey,7565 8th Ave.,GA,19357,29
900,2011-06-30 08:43:00+00,Humberto Tartaglia,3458 California St.,CO,74270,11
901,2011-05-03 21:42:00+00,Evelyn Bodkin,3499 46th Ave.,CO,29269,4
902,2011-03-20 10:24:00+00,Buddy Mcclain,9987 California St.,IL,87470,25
903,2011-11-12 06:14:00+00,Jeffie Blatt,1943 8th Ave.,TX,53362,15
904,2011-03-20 23:22:00+00,Shelba Greenway,7847 50th Ave.,CO,67516,31
905,2011-10-11 00:10:00+00,Amos Crete,6857 46th Ave.,CO,33597,29
906,2011-05-05 08:40:00+00,Daisey Galvez,8573 43rd St.,WA,23696,27
907,2011-02-05 00:14:00+00,Emmitt Pinegar,5072 MLK Ave.,NY,70998,6
908,2011-05-07 21:56:00+00,Nathanial Hersey,7067 Washington Ave.,FL,62516,39
909,2011-09-21 10:26:00+00,Jame Yoshimura,3852 35th St.42nd Ave.,IL,49864,25
910,2011-04-19 16:42:00+00,Harley Connors,4738 31st St.,FL,44667,2
911,2011-12-21 19:57:00+00,Daniele Drexler,4501 8th Ave.,VA,11898,24
912,2011-01-28 11:33:00+00,Sherrill Akey,4928 35th St.42nd Ave.,CO,92339,29
913,2011-03-22 06:24:00+00,Maudie Dorado,885 44th Ave.,CO,41036,28
914,2011-09-22 14:52:00+00,Ruthie Petrin,8152 44th Ave.,WY,25067,18
915,2011-05-22 23:56:00+00,Tonette Benedetto,5776 Washington Ave.,WY,31160,24
916,2011-01-26 05:14:00+00,Isreal Mcclain,1619 43rd St.,SC,82189,15
917,2011-01-21 15:26:00+00,Una Westmoreland,7402 44th Ave.,WY,78115,18
918,2011-08-28 06:42:00+00,Reed Upson,3380 44th Ave.,NY,81279,12
919,2011-09-06 22:22:00+00,Bradly Dorado,8659 8th Ave.,CO,24696,34
920,2011-03-06 13:59:00+00,Camie Haefner,3053 50th Ave.,NY,65949,41
921,2011-02-13 01:31:00+00,Jeffie Langenfeld,8409 45th St.,CO,49813,7
922,2011-02-20 14:32:00+00,Andrew Buonocore,259 8th Ave.,NY,52048,16
923,2011-01-31 13:06:00+00,Vivian Langenfeld,3013 Washington Ave.,GA,38297,15
924,2011-02-05 20:07:00+00,Takako Blumer,2165 35th St.42nd Ave.,FL,24515,31
925,2011-04-30 03:09:00+00,Williams Selden,5981 45th St.,GA,42431,22
926,2011-07-05 09:53:00+00,Cortney Crissman,204 MLK Ave.,GA,72564,19
927,2011-05-07 20:09:00+00,Antonio Letellier,1344 8th Ave.,IL,30931,21
928,2011-11-04 06:53:00+00,Douglass Mayon,8413 MLK Ave.,SC,22567,6
929,2011-08-16 08:37:00+00,Eva Currier,4140 MLK Ave.,WY,25835,50
930,2011-03-15 07:02:00+00,Rivka Benedetto,2993 10th Ave.,WA,93423,28
931,2011-12-24 08:42:00+00,Kristofer Rodda,529 46th Ave.,VA,85858,32
932,2011-12-15 19:44:00+00,Nathanial Roles,9194 43rd St.,CO,63646,26
933,2011-06-20 00:06:00+00,Stacia Fretz,8334 Washington Ave.,CO,58604,48
934,2011-12-28 12:23:00+00,Danyel Delpriore,8755 10th Ave.,CO,38121,42
935,2011-01-02 03:09:00+00,Reed Drexler,8825 8th Ave.,SC,52472,10
936,2011-03-08 13:19:00+00,Wan Kubala,7082 10th Ave.,GA,79961,17
937,2011-06-08 02:14:00+00,Arianne Schuh,2583 Washington Ave.,CO,50556,44
938,2011-03-23 04:46:00+00,Maudie Morrissey,9422 46th Ave.,GA,70726,36
939,2011-01-19 09:35:00+00,Carolann Dement,8003 45th St.,SC,16451,2
940,2011-02-08 01:09:00+00,Catina Janzen,6189 Washington Ave.,VA,29953,10
941,2011-03-01 01:39:00+00,Russ Petrin,1814 50th Ave.,WA,31883,28
942,2011-03-20 00:41:00+00,Colleen Wassink,8127 Washington Ave.,WY,99593,48
943,2011-07-29 14:43:00+00,Milda Patnode,5189 35th St.42nd Ave.,IL,13644,45
944,2011-06-23 08:56:00+00,Susannah Greening,1218 35th St.42nd Ave.,CO,90396,25
945,2011-07-11 07:07:00+00,Harrison Doyel,2444 31st St.,IL,71397,13
946,2011-07-04 22:31:00+00,Granville Beasley,8230 Washington Ave.,IL,21782,38
947,2011-10-13 22:57:00+00,Vincenzo Canter,431 California St.,TX,25926,27
948,2011-05-11 12:32:00+00,Vivian Doyel,1044 31st St.,IL,89202,3
949,2011-12-18 17:57:00+00,Buddy Bulfer,301 8th Ave.,VA,31374,8
950,2011-09-25 09:31:00+00,Layne Lichtenstein,4679 10th Ave.,SC,10176,18
951,2011-07-14 15:38:00+00,Hiedi Mcdougle,6575 35th St.42nd Ave.,VA,34767,50
952,2011-02-24 07:40:00+00,Letitia Kubala,6371 45th St.,IL,22040,19
953,2011-05-23 19:40:00+00,Mirta Uyehara,707 California St.,WA,74112,11
954,2011-07-23 11:44:00+00,Edison Schippers,8016 50th Ave.,IL,53206,31
955,2011-03-07 16:18:00+00,Tonette Matheson,2759 Washington Ave.,IL,98923,7
956,2011-09-17 14:46:00+00,Alessandra Mccubbin,1788 31st St.,GA,22786,12
957,2011-03-13 17:10:00+00,Sherrill Delpriore,2414 35th St.42nd Ave.,NY,19970,14
958,2011-07-15 09:53:00+00,Jean Breeding,5607 50th Ave.,VA,10700,10
959,2011-05-30 21:46:00+00,Rosemary Mercedes,8046 44th Ave.,GA,74109,16
960,2011-10-21 08:40:00+00,Cherryl Julian,3392 10th Ave.,WY,68020,27
961,2011-04-02 08:10:00+00,Wynona Olmeda,9773 35th St.42nd Ave.,FL,61543,8
962,2011-10-01 08:39:00+00,Minerva Crays,1492 45th St.,VA,81866,48
963,2011-05-30 06:29:00+00,Alfonzo Bodkin,8330 10th Ave.,FL,62406,13
964,2011-05-27 21:12:00+00,Lula Ladwig,3586 31st St.,CO,48999,34
965,2011-07-11 16:02:00+00,Dee Garrels,7686 46th Ave.,TX,27454,41
966,2011-04-22 16:20:00+00,Minerva Roose,877 50th Ave.,NY,47558,11
967,2011-06-02 18:18:00+00,Sherilyn Bough,8308 50th Ave.,SC,73310,28
968,2011-02-09 03:55:00+00,Ngan Milam,1496 MLK Ave.,SC,55640,17
969,2011-11-06 20:18:00+00,Graciela Gilpatrick,7256 44th Ave.,NY,68109,10
970,2011-01-19 07:01:00+00,Eleanor Lightcap,1715 Washington Ave.,CO,51326,1
971,2011-03-31 11:56:00+00,Letitia Parrilla,5699 31st St.,FL,20962,7
972,2011-09-25 17:44:00+00,Buford Allbright,7610 50th Ave.,WY,64202,20
973,2011-10-29 11:18:00+00,Victor Janzen,8722 35th St.42nd Ave.,IL,88546,24
974,2011-04-06 22:43:00+00,Colleen Disney,8183 10th Ave.,IL,36051,3
975,2011-10-15 23:46:00+00,Harley Potter,7635 43rd St.,WY,74245,43
976,2011-01-14 23:33:00+00,Jeremiah Blumer,8376 45th St.,SC,26007,33
977,2011-04-09 02:09:00+00,Leonard Damore,9398 10th Ave.,TX,85334,33
978,2011-05-05 23:05:00+00,Sherilyn Maxson,823 10th Ave.,CO,59878,35
979,2011-03-09 04:27:00+00,Bradly Schrack,7932 8th Ave.,WA,59768,17
980,2011-09-22 10:06:00+00,Edmund Sprau,3229 8th Ave.,WA,84669,48
981,2011-02-09 16:07:00+00,Rolando Bough,3179 8th Ave.,WA,22907,33
982,2011-08-18 06:13:00+00,Thersa Gravel,2970 45th St.,IL,25466,33
983,2011-09-27 14:40:00+00,Reed Caba,5555 46th Ave.,CO,24275,3
984,2011-04-14 19:10:00+00,Fidelia Lesane,9006 50th Ave.,WA,29444,28
985,2011-10-10 01:34:00+00,Rolf Maxson,4231 10th Ave.,GA,82371,43
986,2011-10-24 19:40:00+00,Dewayne Seabaugh,4718 50th Ave.,WA,17484,17
987,2011-01-06 18:29:00+00,Chadwick Moe,3277 35th St.42nd Ave.,NY,99250,43
988,2011-09-30 17:10:00+00,Carmel Lanser,6783 California St.,NY,96692,27
989,2011-11-26 14:58:00+00,Nana Fruchter,9132 46th Ave.,GA,83639,6
990,2011-04-28 12:30:00+00,Wan Crissman,2995 50th Ave.,VA,32713,4
991,2011-09-21 08:01:00+00,Ricarda Sisemore,7889 45th St.,VA,16845,34
992,2011-08-07 10:59:00+00,Russ Seabaugh,5946 45th St.,SC,15468,24
993,2011-02-15 17:49:00+00,Buford Connors,4585 10th Ave.,GA,68876,29
994,2011-11-27 08:45:00+00,Harley Coderre,1735 44th Ave.,VA,45474,21
995,2011-08-18 01:22:00+00,Salvatore Rapozo,9683 50th Ave.,WA,13537,38
996,2011-07-06 13:45:00+00,Laurence Potter,211 8th Ave.,WY,57857,26
997,2011-06-23 07:27:00+00,Stacia Selden,2017 35th St.42nd Ave.,TX,43524,48
998,2011-10-14 20:26:00+00,Glen Alba,2663 35th St.42nd Ave.,CO,83571,48
999,2011-03-21 19:11:00+00,Bo Stimac,6617 45th St.,SC,71771,45
1000,2011-12-03 20:36:00+00,Hiedi Heavner,5977 35th St.42nd Ave.,CO,14885,42
